end_hour_1,end_hour_2,end_hour_3,end_hour_4,end_hour_5,end_hour_6,start_hour_1,start_hour_2,start_hour_3,start_hour_4,start_hour_5,start_hour_6
23:00,,,,,,18:00,,,,,
22:00,,,,,,10:30,,,,,
21:00,,,,,,10:00,,,,,
22:00,,,,,,11:00,,,,,
21:30,19:30,,,,,10:30,11:00,,,,
22:00,22:00,,,,,17:00,17:00,,,,
,,,,,,,,,,,
24:00,,,,,,17:00,,,,,
,,,,,,,,,,,
,,,,,,,,,,,
,,,,,,,,,,,
,,,,,,,,,,,
,,,,,,,,,,,
,,,,,,,,,,,
,,,,,,,,,,,
,,,,,,,,,,,
23:00,,,,,,18:00,,,,,
22:00,22:00,,,,,11:00,10:30,,,,
15:00,22:30,,,,,11:30,17:00,,,,
22:00,14:00,22:00,,,,18:00,12:00,18:00,,,
21:00,21:00,,,,,11:00,11:00,,,,
23:00,,,,,,11:00,,,,,
21:00,,,,,,11:00,,,,,
22:00,22:00,,,,,11:00,10:30,,,,
20:00,,,,,,11:00,,,,,
,,,,,,,,,,,
,,,,,,,,,,,
,,,,,,,,,,,
22:00,,,,,,11:00,,,,,
22:00,22:00,,,,,11:00,10:30,,,,
23:00,,,,,,16:00,,,,,
22:00,,,,,,11:00,,,,,
22:00,,,,,,18:00,,,,,
23:00,,,,,,17:30,,,,,
21:30,,,,,,11:00,,,,,
14:00,22:30,22:30,,,,11:30,17:00,17:00,,,
22:00,,,,,,11:00,,,,,
23:00,,,,,,18:00,,,,,
2２:０0,,,,,,17:00,,,,,
21:00,,,,,,10:00,,,,,
,,,,,,,,,,,
22:00,22:00,,,,,11:00,10:30,,,,
24:00,,,,,,17:00,,,,,
,,,,,,,,,,,
14:00,23:00,,,,,11:30,17:00,,,,
,,,,,,,,,,,
15:00,22:00,,,,,11:30,17:00,,,,
,,,,,,,,,,,
20:30,,,,,,11:30,,,,,
20:00,,,,,,11:30,,,,,
,,,,,,,,,,,
,,,,,,,,,,,
,,,,,,,,,,,
,,,,,,,,,,,
,,,,,,,,,,,
22:00,,,,,,11:00,,,,,
21:00,,,,,,11:00,,,,,
23:00,,,,,,11:00,,,,,
14:00,22:00,,,,,11:30,17:00,,,,
,,,,,,,,,,,
,,,,,,,,,,,
21:00,,,,,,11:00,,,,,
21:00,,,,,,11:00,,,,,
20:00,23:00,,,,,10:30,15:00,,,,
21:00,17:00,,,,,11:00,11:00,,,,
,,,,,,,,,,,
,,,,,,,,,,,
17:00,,,,,,10:30,,,,,
21:00,,,,,,11:00,,,,,
,,,,,,,,,,,
22:00,22:00,,,,,11:00,10:30,,,,
22:00,,,,,,11:00,,,,,
22:00,22:00,,,,,11:00,10:30,,,,
,,,,,,,,,,,
,,,,,,,,,,,
22:00,,,,,,11:00,,,,,
21:30,,,,,,11:00,,,,,
23:00,,,,,,11:30,,,,,
22:00,,,,,,11:00,,,,,
21:00,,,,,,11:00,,,,,
22:00,,,,,,17:00,,,,,
,,,,,,,,,,,
23:00,,,,,,11:00,,,,,
22:00,23:00,,,,,11:00,11:00,,,,
,,,,,,,,,,,
22:30,,,,,,11:30,,,,,
,,,,,,,,,,,
23:00,,,,,,11:00,,,,,
,,,,,,,,,,,
23:00,,,,,,11:00,,,,,
22:00,22:00,,,,,11:00,10:30,,,,
,,,,,,,,,,,
21:00,,,,,,12:00,,,,,
21:00,,,,,,11:00,,,,,
24:00,,,,,,17:30,,,,,
23:00,,,,,,11:00,,,,,
22:00,,,,,,11:00,,,,,
22:00,,,,,,11:00,,,,,
22:00,,,,,,11:00,,,,,
22:00,,,,,,11:00,,,,,
15:00,22:30,,,,,11:30,17:00,,,,
20:00,,,,,,10:00,,,,,
22:00,,,,,,11:00,,,,,
21:30,,,,,,17:00,,,,,
21:30,,,,,,11:00,,,,,
20:00,,,,,,10:00,,,,,
,,,,,,,,,,,
,,,,,,,,,,,
21:00,,,,,,11:00,,,,,
,,,,,,,,,,,
,,,,,,,,,,,
,,,,,,,,,,,
22:00,,,,,,11:00,,,,,
21:00,,,,,,11:00,,,,,
21:30,,,,,,11:00,,,,,
,,,,,,,,,,,
,,,,,,,,,,,
,,,,,,,,,,,
14:00,22:00,,,,,11:30,17:00,,,,
22:30,,,,,,11:00,,,,,
,,,,,,,,,,,
,,,,,,,,,,,
13:30,22:30,,,,,11:30,17:00,,,,
21:00,,,,,,11:00,,,,,
,,,,,,,,,,,
22:30,22:30,,,,,11:00,10:30,,,,
21:30,22:30,22:30,,,,11:00,11:00,10:30,,,
,,,,,,,,,,,
22:00,,,,,,11:00,,,,,
22:00,,,,,,11:00,,,,,
21:00,,,,,,11:30,,,,,
26:00,27:00,24:00,,,,17:30,17:30,17:00,,,
20:30,,,,,,11:00,,,,,
20:00,19:30,,,,,10:00,10:00,,,,
22:00,22:00,,,,,11:00,10:30,,,,
17:00,16:00,,,,,11:00,11:00,,,,
22:00,,,,,,11:00,,,,,
22:00,,,,,,11:00,,,,,
,,,,,,,,,,,
21:00,,,,,,11:00,,,,,
22:00,,,,,,17:00,,,,,
15:00,21:00,,,,,11:00,17:00,,,,
21:00,,,,,,10:30,,,,,
14:00,21:00,,,,,11:00,17:00,,,,
24:00,24:00,,,,,17:00,16:00,,,,
,,,,,,,,,,,
23:00,,,,,,11:00,,,,,
14:30,22:30,,,,,11:30,17:30,,,,
22:00,,,,,,12:30,,,,,
,,,,,,,,,,,
,,,,,,,,,,,
23:00,,,,,,11:00,,,,,
22:00,,,,,,11:00,,,,,
22:00,,,,,,11:00,,,,,
23:00,,,,,,11:00,,,,,
,,,,,,,,,,,
22:00,,,,,,11:30,,,,,
24:00,,,,,,17:00,,,,,
,,,,,,,,,,,
13:30,,,,,,12:00,,,,,
20:00,,,,,,10:00,,,,,
,,,,,,,,,,,
22:00,,,,,,11:00,,,,,
22:30,,,,,,17:00,,,,,
20:00,,,,,,11:00,,,,,
22:00,,,,,,11:00,,,,,
13:45,,,,,,11:30,,,,,
20:00,,,,,,11:00,,,,,
18:30,,,,,,11:00,,,,,
24:00,,,,,,12:00,,,,,
,,,,,,,,,,,
14:00,,,,,,11:00,,,,,
24:00,,,,,,17:00,,,,,
15:00,23:00,23:00,21:00,,,11:00,17:00,11:00,11:00,,
21:00,,,,,,11:00,,,,,
15:00,21:00,,,,,11:30,17:00,,,,
,,,,,,,,,,,
14:00,22:30,,,,,11:30,16:30,,,,
,,,,,,,,,,,
,,,,,,,,,,,
,,,,,,,,,,,
26:00,,,,,,18:30,,,,,
22:30,13:30,,,,,17:30,11:00,,,,
,,,,,,,,,,,
,,,,,,,,,,,
21:00,17:00,,,,,11:00,15:00,,,,
,,,,,,,,,,,
15:00,23:00,23:00,22:00,,,11:00,15:00,11:00,11:00,,
,,,,,,,,,,,
,,,,,,,,,,,
22:00,22:00,,,,,11:00,10:30,,,,
22:00,14:00,,,,,11:00,11:30,,,,
,,,,,,,,,,,
23:00,,,,,,18:00,,,,,
14:30,22:00,14:30,22:00,,,12:00,17:00,12:00,16:30,,
15:00,22:00,,,,,11:00,17:00,,,,
24:00,,,,,,11:30,,,,,
23:00,,,,,,11:00,,,,,
,,,,,,,,,,,
22:00,,,,,,11:00,,,,,
24:00,,,,,,17:00,,,,,
22:00,,,,,,11:00,,,,,
22:00,22:00,,,,,11:00,10:30,,,,
23:00,,,,,,17:00,,,,,
15:30,22:00,16:30,22:00,,,11:30,17:30,11:30,16:30,,
21:00,,,,,,10:00,,,,,
22:00,,,,,,11:00,,,,,
22:00,,,,,,11:00,,,,,
,,,,,,,,,,,
,,,,,,,,,,,
,,,,,,,,,,,
15:00,23:30,15:00,,,,11:30,17:00,11:30,,,
,,,,,,,,,,,
,,,,,,,,,,,
14:30,22:00,14:30,22:00,,,11:30,17:00,10:00,17:00,,
,,,,,,,,,,,
14:00,23:00,,,,,11:00,17:00,,,,
,,,,,,,,,,,
15:00,22:00,,,,,11:00,17:00,,,,
21:00,,,,,,11:00,,,,,
,,,,,,,,,,,
23:00,,,,,,17:00,,,,,
15:00,23:00,15:00,,,,11:30,17:00,11:30,,,
,,,,,,,,,,,
23:00,21:00,,,,,17:00,11:30,,,,
24:00,23:00,,,,,16:00,16:00,,,,
24:00,,,,,,17:00,,,,,
14:30,23:00,,,,,12:00,17:00,,,,
22:00,,,,,,17:30,,,,,
,,,,,,,,,,,
24:00,,,,,,18:00,,,,,
,,,,,,,,,,,
22:30,,,,,,17:30,,,,,
15:00,21:00,,,,,11:00,17:00,,,,
23:00,,,,,,17:00,,,,,
,,,,,,,,,,,
,,,,,,,,,,,
,,,,,,,,,,,
22:30,,,,,,17:00,,,,,
03:00,24:00,,,,,18:00,18:00,,,,
,,,,,,,,,,,
,,,,,,,,,,,
,,,,,,,,,,,
,,,,,,,,,,,
,,,,,,,,,,,
23:30,,,,,,17:30,,,,,
,,,,,,,,,,,
22:00,,,,,,11:00,,,,,
,,,,,,,,,,,
23:00,23:00,,,,,11:00,10:30,,,,
22:00,,,,,,11:00,,,,,
,,,,,,,,,,,
13:30,23:00,,,,,11:30,16:30,,,,
22:00,,,,,,11:00,,,,,
14:00,22:30,22:30,,,,11:30,17:00,17:00,,,
21:00,,,,,,11:00,,,,,
,,,,,,,,,,,
,,,,,,,,,,,
21:00,,,,,,11:30,,,,,
21:00,,,,,,11:00,,,,,
22:00,,,,,,11:10,,,,,
,,,,,,,,,,,
21:00,,,,,,11:00,,,,,
14:30,22:00,,,,,11:30,17:00,,,,
19:00,,,,,,11:00,,,,,
22:00,,,,,,11:00,,,,,
20:00,,,,,,18:00,,,,,
22:00,,,,,,11:00,,,,,
15:00,21:30,,,,,11:00,17:00,,,,
23:00,,,,,,11:00,,,,,
24:00,,,,,,18:00,,,,,
21:00,,,,,,11:00,,,,,
22:00,,,,,,11:00,,,,,
22:00,,,,,,10:30,,,,,
21:00,21:30,,,,,11:30,11:00,,,,
22:00,22:00,,,,,11:00,10:30,,,,
14:00,22:00,22:00,,,,11:00,17:00,11:00,,,
22:00,,,,,,10:30,,,,,
20:00,,,,,,10:30,,,,,
22:00,,,,,,11:00,,,,,
22:00,,,,,,11:00,,,,,
24:00,,,,,,10:00,,,,,
,,,,,,,,,,,
23:00,,,,,,11:00,,,,,
22:00,19:00,20:00,,,,11:00,11:00,11:00,,,
,,,,,,,,,,,
22:30,,,,,,17:00,,,,,
24:00,,,,,,18:00,,,,,
14:00,22:00,,,,,11:30,17:00,,,,
22:00,,,,,,11:00,,,,,
,,,,,,,,,,,
24:00,,,,,,17:30,,,,,
,,,,,,,,,,,
21:00,,,,,,10:00,,,,,
23:00,,,,,,18:00,,,,,
22:00,,,,,,11:00,,,,,
17:00,,,,,,10:00,,,,,
,,,,,,,,,,,
,,,,,,,,,,,
22:00,,,,,,11:00,,,,,
,,,,,,,,,,,
,,,,,,,,,,,
,,,,,,,,,,,
16:00,,,,,,10:30,,,,,
23:30,,,,,,17:00,,,,,
23:00,,,,,,17:00,,,,,
,,,,,,,,,,,
,,,,,,,,,,,
16:30,15:30,16:30,22:00,,,15:00,11:00,11:00,16:30,,
,,,,,,,,,,,
23:00,,,,,,18:00,,,,,
23:30,23:00,,,,,17:00,17:00,,,,
,,,,,,,,,,,
23:00,,,,,,17:00,,,,,
15:00,21:30,,,,,11:00,17:00,,,,
22:00,,,,,,17:00,,,,,
,,,,,,,,,,,
14:30,22:00,,,,,11:00,16:30,,,,
,,,,,,,,,,,
,,,,,,,,,,,
,,,,,,,,,,,
,,,,,,,,,,,
,,,,,,,,,,,
21:30,,,,,,11:00,,,,,
20:30,,,,,,10:00,,,,,
21:00,,,,,,11:00,,,,,
14:00,25:00,,,,,11:00,17:00,,,,
15:00,,,,,,11:30,,,,,
15:30,22:00,16:30,22:00,,,11:30,17:30,11:30,16:30,,
,,,,,,,,,,,
,,,,,,,,,,,
22:00,,,,,,11:00,,,,,
20:00,,,,,,10:00,,,,,
,,,,,,,,,,,
,,,,,,,,,,,
21:00,,,,,,10:00,,,,,
22:00,,,,,,11:00,,,,,
14:30,23:30,23:00,,,,11:45,17:00,17:00,,,
24:00,,,,,,17:00,,,,,
,,,,,,,,,,,
22:00,21:30,14:00,21:00,,,11:30,11:30,11:30,19:00,,
,,,,,,,,,,,
23:00,,,,,,17:00,,,,,
,,,,,,,,,,,
14:00,22:00,,,,,11:30,17:30,,,,
end_hour_1,end_hour_2,end_hour_3,end_hour_4,end_hour_5,end_hour_6,start_hour_1,start_hour_2,start_hour_3,start_hour_4,start_hour_5,start_hour_6
,,,,,,,,,,,
22:00,,,,,,11:00,,,,,
,,,,,,,,,,,
15:00,23:00,23:00,22:00,,,11:00,15:00,11:00,11:00,,
,,,,,,,,,,,
23:30,,,,,,17:00,,,,,
22:00,,,,,,18:00,,,,,
23:30,,,,,,17:30,,,,,
23:30,,,,,,17:00,,,,,
22:00,,,,,,11:00,,,,,
,,,,,,,,,,,
,,,,,,,,,,,
21:00,,,,,,11:00,,,,,
,,,,,,,,,,,
23:00,,,,,,18:00,,,,,
,,,,,,,,,,,
22:00,22:00,,,,,11:00,10:30,,,,
,,,,,,,,,,,
,,,,,,,,,,,
22:00,,,,,,17:00,,,,,
15:00,22:30,,,,,11:30,17:00,,,,
23:00,,,,,,11:00,,,,,
21:00,,,,,,11:00,,,,,
22:00,,,,,,11:00,,,,,
23:00,,,,,,16:00,,,,,
22:00,23:00,,,,,11:00,11:00,,,,
21:00,,,,,,11:00,,,,,
22:00,,,,,,11:00,,,,,
,,,,,,,,,,,
,,,,,,,,,,,
22:00,22:00,,,,,11:00,10:30,,,,
14:00,22:00,22:00,,,,11:00,17:00,11:00,,,
22:00,,,,,,17:00,,,,,
22:00,,,,,,11:00,,,,,
14:00,,,,,,11:30,,,,,
14:00,22:00,,,,,11:00,17:00,,,,
22:30,,,,,,11:30,,,,,
,,,,,,,,,,,
13:30,22:00,,,,,11:30,17:00,,,,
,,,,,,,,,,,
23:00,,,,,,18:00,,,,,
22:00,,,,,,11:00,,,,,
14:00,22:00,,,,,11:30,16:30,,,,
,,,,,,,,,,,
14:30,21:00,,,,,12:00,17:00,,,,
22:00,,,,,,11:00,,,,,
22:00,,,,,,11:00,,,,,
21:00,,,,,,11:00,,,,,
,,,,,,,,,,,
23:00,,,,,,17:00,,,,,
,,,,,,,,,,,
22:00,,,,,,11:00,,,,,
,,,,,,,,,,,
,,,,,,,,,,,
21:00,,,,,,11:00,,,,,
23:00,,,,,,11:00,,,,,
14:00,22:00,,,,,11:30,17:00,,,,
,,,,,,,,,,,
,,,,,,,,,,,
21:00,,,,,,11:00,,,,,
21:00,,,,,,11:00,,,,,
21:00,17:00,,,,,11:00,11:00,,,,
20:00,23:00,,,,,10:30,15:00,,,,
,,,,,,,,,,,
,,,,,,,,,,,
17:00,,,,,,10:30,,,,,
23:00,,,,,,17:30,,,,,
22:00,,,,,,18:00,,,,,
21:30,,,,,,11:00,,,,,
2２:０0,,,,,,17:00,,,,,
14:00,22:30,22:30,,,,11:30,17:00,17:00,,,
22:00,,,,,,11:00,,,,,
21:00,,,,,,10:00,,,,,
,,,,,,,,,,,
22:00,22:00,,,,,11:00,10:30,,,,
23:00,,,,,,18:00,,,,,
,,,,,,,,,,,
14:00,23:00,,,,,11:30,17:00,,,,
15:00,22:00,,,,,11:30,17:00,,,,
24:00,,,,,,17:00,,,,,
,,,,,,,,,,,
,,,,,,,,,,,
20:30,,,,,,11:30,,,,,
,,,,,,,,,,,
20:00,,,,,,11:30,,,,,
,,,,,,,,,,,
22:30,,,,,,11:30,,,,,
23:00,,,,,,11:00,,,,,
,,,,,,,,,,,
21:00,,,,,,11:00,,,,,
22:00,22:00,,,,,11:00,10:30,,,,
21:00,,,,,,12:00,,,,,
23:00,,,,,,11:00,,,,,
17:00,16:00,,,,,11:00,11:00,,,,
20:30,,,,,,11:00,,,,,
20:00,19:30,,,,,10:00,10:00,,,,
22:00,22:00,,,,,11:00,10:30,,,,
22:00,,,,,,11:00,,,,,
21:00,,,,,,10:30,,,,,
22:00,,,,,,11:00,,,,,
22:00,,,,,,17:00,,,,,
,,,,,,,,,,,
21:00,,,,,,11:00,,,,,
24:00,24:00,,,,,17:00,16:00,,,,
15:00,21:00,,,,,11:00,17:00,,,,
,,,,,,,,,,,
14:00,21:00,,,,,11:00,17:00,,,,
22:00,,,,,,12:30,,,,,
14:30,22:30,,,,,11:30,17:30,,,,
23:00,,,,,,11:00,,,,,
,,,,,,,,,,,
,,,,,,,,,,,
22:00,,,,,,11:00,,,,,
21:00,,,,,,11:00,,,,,
22:00,22:00,,,,,11:00,10:30,,,,
23:00,,,,,,11:00,,,,,
21:00,21:00,,,,,11:00,11:00,,,,
20:00,,,,,,11:00,,,,,
,,,,,,,,,,,
,,,,,,,,,,,
22:00,,,,,,11:00,,,,,
22:00,22:00,,,,,11:00,10:30,,,,
,,,,,,,,,,,
22:00,22:00,,,,,11:00,10:30,,,,
,,,,,,,,,,,
,,,,,,,,,,,
22:00,22:00,,,,,11:00,10:30,,,,
,,,,,,,,,,,
22:00,,,,,,11:00,,,,,
23:00,,,,,,11:30,,,,,
21:30,,,,,,11:00,,,,,
22:00,,,,,,11:00,,,,,
21:30,,,,,,11:00,,,,,
,,,,,,,,,,,
,,,,,,,,,,,
,,,,,,,,,,,
,,,,,,,,,,,
14:00,22:00,,,,,11:30,17:00,,,,
22:30,,,,,,11:00,,,,,
,,,,,,,,,,,
,,,,,,,,,,,
21:00,,,,,,11:00,,,,,
,,,,,,,,,,,
21:30,22:30,22:30,,,,11:00,11:00,10:30,,,
22:30,22:30,,,,,11:00,10:30,,,,
13:30,22:30,,,,,11:30,17:00,,,,
,,,,,,,,,,,
22:00,,,,,,11:00,,,,,
26:00,27:00,24:00,,,,17:30,17:30,17:00,,,
,,,,,,,,,,,
22:00,14:00,22:00,,,,18:00,12:00,18:00,,,
21:00,,,,,,11:30,,,,,
22:00,,,,,,11:00,,,,,
,,,,,,,,,,,
24:00,,,,,,17:30,,,,,
22:00,,,,,,11:00,,,,,
23:00,,,,,,11:00,,,,,
22:00,,,,,,11:00,,,,,
22:00,,,,,,11:00,,,,,
22:00,,,,,,11:00,,,,,
15:00,22:30,,,,,11:30,17:00,,,,
22:00,,,,,,11:00,,,,,
20:00,,,,,,10:00,,,,,
21:30,,,,,,11:00,,,,,
21:30,,,,,,17:00,,,,,
20:00,,,,,,10:00,,,,,
,,,,,,,,,,,
21:00,,,,,,11:00,,,,,
,,,,,,,,,,,
22:00,,,,,,11:00,,,,,
,,,,,,,,,,,
22:00,,,,,,11:00,,,,,
,,,,,,,,,,,
23:00,23:00,,,,,11:00,10:30,,,,
,,,,,,,,,,,
14:00,22:30,22:30,,,,11:30,17:00,17:00,,,
13:30,23:00,,,,,11:30,16:30,,,,
,,,,,,,,,,,
21:00,,,,,,11:30,,,,,
21:00,,,,,,11:00,,,,,
22:00,,,,,,11:00,,,,,
21:00,,,,,,11:00,,,,,
,,,,,,,,,,,
22:00,,,,,,11:10,,,,,
21:00,,,,,,11:00,,,,,
14:30,22:00,,,,,11:30,17:00,,,,
22:00,,,,,,11:00,,,,,
,,,,,,,,,,,
22:00,14:00,,,,,11:00,11:30,,,,
,,,,,,,,,,,
,,,,,,,,,,,
22:00,22:00,,,,,11:00,10:30,,,,
15:00,22:00,,,,,11:00,17:00,,,,
14:30,22:00,14:30,22:00,,,12:00,17:00,12:00,16:30,,
,,,,,,,,,,,
23:00,,,,,,18:00,,,,,
24:00,,,,,,11:30,,,,,
23:00,,,,,,11:00,,,,,
24:00,,,,,,17:00,,,,,
22:00,,,,,,11:00,,,,,
22:00,,,,,,11:00,,,,,
,,,,,,,,,,,
22:00,22:00,,,,,11:00,10:30,,,,
23:00,,,,,,17:00,,,,,
15:30,22:00,16:30,22:00,,,11:30,17:30,11:30,16:30,,
21:00,,,,,,10:00,,,,,
22:00,,,,,,11:00,,,,,
22:00,,,,,,11:00,,,,,
22:00,,,,,,11:00,,,,,
,,,,,,,,,,,
23:00,,,,,,11:00,,,,,
,,,,,,,,,,,
22:00,,,,,,11:30,,,,,
24:00,,,,,,17:00,,,,,
23:00,,,,,,11:00,,,,,
20:00,,,,,,10:00,,,,,
,,,,,,,,,,,
13:30,,,,,,12:00,,,,,
,,,,,,,,,,,
22:30,,,,,,17:00,,,,,
22:00,,,,,,11:00,,,,,
20:00,,,,,,11:00,,,,,
22:00,,,,,,11:00,,,,,
13:45,,,,,,11:30,,,,,
24:00,,,,,,12:00,,,,,
20:00,,,,,,11:00,,,,,
18:30,,,,,,11:00,,,,,
,,,,,,,,,,,
23:00,,,,,,17:00,,,,,
,,,,,,,,,,,
,,,,,,,,,,,
,,,,,,,,,,,
22:00,,,,,,17:00,,,,,
,,,,,,,,,,,
15:00,20:30,,,,,11:00,17:00,,,,
,,,,,,,,,,,
25:00,,,,,,16:00,,,,,
22:30,,,,,,17:30,,,,,
,,,,,,,,,,,
03:00,24:00,,,,,18:00,18:00,,,,
,,,,,,,,,,,
15:00,21:00,,,,,11:00,17:00,,,,
,,,,,,,,,,,
23:00,,,,,,17:00,,,,,
,,,,,,,,,,,
,,,,,,,,,,,
,,,,,,,,,,,
14:30,22:00,14:30,22:00,,,11:30,17:00,10:00,17:00,,
14:00,23:00,,,,,11:00,17:00,,,,
,,,,,,,,,,,
15:00,22:00,,,,,11:00,17:00,,,,
21:00,,,,,,11:00,,,,,
,,,,,,,,,,,
,,,,,,,,,,,
15:00,23:00,15:00,,,,11:30,17:00,11:30,,,
23:00,21:00,,,,,17:00,11:30,,,,
14:30,23:00,,,,,12:00,17:00,,,,
24:00,,,,,,17:00,,,,,
24:00,23:00,,,,,16:00,16:00,,,,
,,,,,,,,,,,
23:00,,,,,,17:00,,,,,
22:00,21:30,14:00,21:00,,,11:30,11:30,11:30,19:00,,
21:30,19:30,,,,,10:30,11:00,,,,
,,,,,,,,,,,
,,,,,,,,,,,
14:00,22:00,,,,,11:30,17:30,,,,
,,,,,,,,,,,
24:00,,,,,,17:00,,,,,
24:00,,,,,,18:00,,,,,
22:00,,,,,,17:30,,,,,
,,,,,,,,,,,
23:00,,,,,,17:00,,,,,
,,,,,,,,,,,
,,,,,,,,,,,
22:30,,,,,,17:00,,,,,
,,,,,,,,,,,
,,,,,,,,,,,
,,,,,,,,,,,
,,,,,,,,,,,
,,,,,,,,,,,
,,,,,,,,,,,
,,,,,,,,,,,
,,,,,,,,,,,
,,,,,,,,,,,
,,,,,,,,,,,
,,,,,,,,,,,
14:00,,,,,,11:00,,,,,
15:00,23:30,15:00,,,,11:30,17:00,11:30,,,
21:00,,,,,,11:00,,,,,
24:00,,,,,,17:00,,,,,
15:00,23:00,23:00,21:00,,,11:00,17:00,11:00,11:00,,
14:00,22:30,,,,,11:30,16:30,,,,
15:00,21:00,,,,,11:30,17:00,,,,
,,,,,,,,,,,
,,,,,,,,,,,
,,,,,,,,,,,
22:30,13:30,,,,,17:30,11:00,,,,
,,,,,,,,,,,
26:00,,,,,,18:30,,,,,
21:00,17:00,,,,,11:00,15:00,,,,
,,,,,,,,,,,
,,,,,,,,,,,
24:00,,,,,,10:00,,,,,
,,,,,,,,,,,
24:00,,,,,,18:00,,,,,
22:30,,,,,,17:00,,,,,
23:00,,,,,,11:00,,,,,
,,,,,,,,,,,
14:00,22:00,,,,,11:30,17:00,,,,
24:00,,,,,,17:30,,,,,
,,,,,,,,,,,
,,,,,,,,,,,
22:00,,,,,,11:00,,,,,
23:00,,,,,,18:00,,,,,
21:00,,,,,,10:00,,,,,
17:00,,,,,,10:00,,,,,
22:00,,,,,,11:00,,,,,
22:00,,,,,,11:00,,,,,
,,,,,,,,,,,
,,,,,,,,,,,
,,,,,,,,,,,
,,,,,,,,,,,
,,,,,,,,,,,
16:30,15:30,16:30,22:00,,,15:00,11:00,11:00,16:30,,
16:00,,,,,,10:30,,,,,
,,,,,,,,,,,
23:00,,,,,,17:00,,,,,
,,,,,,,,,,,
23:30,23:00,,,,,17:00,17:00,,,,
,,,,,,,,,,,
23:00,,,,,,17:00,,,,,
,,,,,,,,,,,
23:00,,,,,,18:00,,,,,
15:00,21:30,,,,,11:00,17:00,,,,
,,,,,,,,,,,
14:30,22:00,,,,,11:00,16:30,,,,
22:00,,,,,,17:00,,,,,
,,,,,,,,,,,
,,,,,,,,,,,
22:00,22:00,,,,,17:00,17:00,,,,
,,,,,,,,,,,
20:00,,,,,,18:00,,,,,
19:00,,,,,,11:00,,,,,
,,,,,,,,,,,
23:00,,,,,,11:00,,,,,
22:00,,,,,,11:00,,,,,
22:00,,,,,,11:00,,,,,
15:00,21:30,,,,,11:00,17:00,,,,
24:00,,,,,,18:00,,,,,
21:00,,,,,,11:00,,,,,
21:00,21:30,,,,,11:30,11:00,,,,
22:00,,,,,,10:30,,,,,
14:00,22:00,22:00,,,,11:00,17:00,11:00,,,
22:00,22:00,,,,,11:00,10:30,,,,
22:00,,,,,,11:00,,,,,
22:00,,,,,,10:30,,,,,
20:00,,,,,,10:30,,,,,
22:00,,,,,,11:00,,,,,
,,,,,,,,,,,
23:00,,,,,,18:00,,,,,
22:00,,,,,,10:30,,,,,
21:00,,,,,,10:00,,,,,
21:30,,,,,,11:00,,,,,
22:00,19:00,20:00,,,,11:00,11:00,11:00,,,
14:00,25:00,,,,,11:00,17:00,,,,
20:30,,,,,,10:00,,,,,
21:00,,,,,,11:00,,,,,
15:30,22:00,16:30,22:00,,,11:30,17:30,11:30,16:30,,
15:00,,,,,,11:30,,,,,
22:00,,,,,,11:00,,,,,
,,,,,,,,,,,
,,,,,,,,,,,
20:00,,,,,,10:00,,,,,
,,,,,,,,,,,
,,,,,,,,,,,
21:00,,,,,,10:00,,,,,
22:00,,,,,,11:00,,,,,
,,,,,,,,,,,
14:30,23:30,23:00,,,,11:45,17:00,17:00,,,
24:00,,,,,,17:00,,,,,
23:00,,,,,,11:00,,,,,
22:00,,,,,,11:00,,,,,
13:30,22:30,,,,,11:30,16:00,,,,
,,,,,,,,,,,
,,,,,,,,,,,
23:30,22:00,,,,,17:00,17:00,,,,
,,,,,,,,,,,
22:00,,,,,,11:00,,,,,
22:00,,,,,,11:00,,,,,
14:30,21:00,,,,,11:20,17:00,,,,
,,,,,,,,,,,
22:00,,,,,,17:30,,,,,
23:00,23:00,,,,,11:00,10:30,,,,
,,,,,,,,,,,
14:30,23:00,,,,,12:00,17:00,,,,
21:30,,,,,,11:00,,,,,
,,,,,,,,,,,
,,,,,,,,,,,
,,,,,,,,,,,
20:30,,,,,,11:00,,,,,
15:00,22:00,,,,,11:00,17:00,,,,
,,,,,,,,,,,
,,,,,,,,,,,
21:00,,,,,,11:00,,,,,
23:00,,,,,,17:00,,,,,
,,,,,,,,,,,
,,,,,,,,,,,
14:00,22:00,,,,,11:30,17:00,,,,
,,,,,,,,,,,
21:00,,,,,,11:30,,,,,
,,,,,,,,,,,
21:00,,,,,,11:00,,,,,
,,,,,,,,,,,
21:00,,,,,,11:30,,,,,
,,,,,,,,,,,
,,,,,,,,,,,
24:00,,,,,,18:00,,,,,
,,,,,,,,,,,
,,,,,,,,,,,
14:00,21:30,,,,,11:30,14:00,,,,
,,,,,,,,,,,
14:00,23:00,,,,,12:00,18:00,,,,
,,,,,,,,,,,
,,,,,,,,,,,
,,,,,,,,,,,
,,,,,,,,,,,
21:00,,,,,,10:00,,,,,
,,,,,,,,,,,
,,,,,,,,,,,
22:00,22:00,,,,,11:00,10:30,,,,
,,,,,,,,,,,
,,,,,,,,,,,
,,,,,,,,,,,
,,,,,,,,,,,
,,,,,,,,,,,
,,,,,,,,,,,
21:30,,,,,,17:30,,,,,
22:00,,,,,,16:00,,,,,
20:00,,,,,,11:00,,,,,
20:00,,,,,,11:00,,,,,
23:00,,,,,,17:00,,,,,
14:00,20:00,,,,,11:30,17:00,,,,
14:00,22:00,,,,,11:30,16:00,,,,
22:00,,,,,,10:00,,,,,
,,,,,,,,,,,
,,,,,,,,,,,
22:00,,,,,,11:00,,,,,
21:00,,,,,,12:00,,,,,
,,,,,,,,,,,
22:00,22:00,,,,,18:00,18:00,,,,
,,,,,,,,,,,
22:00,,,,,,11:00,,,,,
22:00,,,,,,11:00,,,,,
14:00,22:00,,,,,11:30,16:30,,,,
15:00,21:00,21:00,,,,11:00,16:00,11:00,,,
,,,,,,,,,,,
,,,,,,,,,,,
,,,,,,,,,,,
,,,,,,,,,,,
,,,,,,,,,,,
,,,,,,,,,,,
,,,,,,,,,,,
,,,,,,,,,,,
14:00,20:30,,,,,11:00,16:00,,,,
21:00,,,,,,11:00,,,,,
,,,,,,,,,,,
,,,,,,,,,,,
23:30,,,,,,18:00,,,,,
,,,,,,,,,,,
14:00,22:00,,,,,12:00,17:00,,,,
21:00,,,,,,11:00,,,,,
14:00,23:00,,,,,12:00,17:00,,,,
23:00,,,,,,17:00,,,,,
,,,,,,,,,,,
15:00,23:00,,,,,12:00,17:00,,,,
,,,,,,,,,,,
,,,,,,,,,,,
21:00,19:30,,,,,10:30,10:30,,,,
15:00,21:00,15:00,21:00,,,11:00,17:00,11:00,17:00,,
23:00,,,,,,18:00,,,,,
,,,,,,,,,,,
14:30,23:30,14:30,23:00,,,11:30,17:00,11:30,17:00,,
15:00,22:00,,,,,11:00,17:00,,,,
,,,,,,,,,,,
20:00,15:00,,,,,11:15,11:30,,,,
,,,,,,,,,,,
,,,,,,,,,,,
14:30,20:30,,,,,11:30,17:30,,,,
20:30,,,,,,11:00,,,,,
21:30,22:00,,,,,11:30,11:00,,,,
,,,,,,,,,,,
20:30,22:00,17:00,,,,11:20,11:00,15:00,,,
,,,,,,,,,,,
,,,,,,,,,,,
,,,,,,,,,,,
,,,,,,,,,,,
,,,,,,,,,,,
13:30,24:00,,,,,12:00,17:00,,,,
22:00,,,,,,11:00,,,,,
21:00,,,,,,11:00,,,,,
22:30,,,,,,11:00,,,,,
24:00,,,,,,17:00,,,,,
14:00,21:30,,,,,12:00,18:00,,,,
15:00,21:00,,,,,11:00,17:00,,,,
,,,,,,,,,,,
,,,,,,,,,,,
24:00,,,,,,17:00,,,,,
,,,,,,,,,,,
,,,,,,,,,,,
,,,,,,,,,,,
,,,,,,,,,,,
,,,,,,,,,,,
21:00,,,,,,11:00,,,,,
22:00,,,,,,11:00,,,,,
,,,,,,,,,,,
,,,,,,,,,,,
22:00,,,,,,11:00,,,,,
15:00,21:00,,,,,11:30,17:00,,,,
24:00,,,,,,17:00,,,,,
23:00,,,,,,11:00,,,,,
,,,,,,,,,,,
22:00,,,,,,17:00,,,,,
,,,,,,,,,,,
,,,,,,,,,,,
,,,,,,,,,,,
22:00,,,,,,11:00,,,,,
,,,,,,,,,,,
22:00,,,,,,10:00,,,,,
21:00,13:30,,,,,10:00,11:00,,,,
19:00,,,,,,10:00,,,,,
23:00,14:00,,,,,11:00,11:00,,,,
,,,,,,,,,,,
,,,,,,,,,,,
22:00,,,,,,11:00,,,,,
22:30,,,,,,11:30,,,,,
15:00,22:00,,,,,11:00,17:00,,,,
,,,,,,,,,,,
13:30,,,,,,11:30,,,,,
,,,,,,,,,,,
,,,,,,,,,,,
22:00,22:00,,,,,11:30,17:00,,,,
,,,,,,,,,,,
22:00,,,,,,11:00,,,,,
,,,,,,,,,,,
23:00,,,,,,10:30,,,,,
21:00,,,,,,11:00,,,,,
,,,,,,,,,,,
19:15,,,,,,17:00,,,,,
02:00,,,,,,17:30,,,,,
16:00,23:00,,,,,10:00,16:00,,,,
,,,,,,,,,,,
,,,,,,,,,,,
14:00,22:00,,,,,11:30,17:00,,,,
14:00,21:00,,,,,11:00,17:00,,,,
24:00,,,,,,17:30,,,,,
22:00,,,,,,11:00,,,,,
20:00,22:30,,,,,18:00,20:30,,,,
14:30,20:30,14:30,19:30,,,11:30,17:00,11:30,17:00,,
,,,,,,,,,,,
19:00,,,,,,11:00,,,,,
21:30,,,,,,11:00,,,,,
21:00,14:00,21:00,,,,17:00,12:00,17:00,,,
,,,,,,,,,,,
21:00,20:00,,,,,10:00,10:00,,,,
22:00,,,,,,11:00,,,,,
,,,,,,,,,,,
22:30,,,,,,11:30,,,,,
,,,,,,,,,,,
15:00,23:30,,,,,11:00,17:00,,,,
15:30,22:00,16:30,22:00,,,11:30,17:30,11:30,16:30,,
23:00,,,,,,11:00,,,,,
21:00,,,,,,17:30,,,,,
22:00,,,,,,11:00,,,,,
16:00,24:00,,,,,11:00,16:00,,,,
20:00,19:30,,,,,10:00,10:00,,,,
,,,,,,,,,,,
,,,,,,,,,,,
10:00,10:00,,,,,11:00,11:00,,,,
,,,,,,,,,,,
23:00,,,,,,11:00,,,,,
,,,,,,,,,,,
,,,,,,,,,,,
24:00,,,,,,17:30,,,,,
,,,,,,,,,,,
,,,,,,,,,,,
14:00,23:00,,,,,11:30,17:00,,,,
22:00,,,,,,11:00,,,,,
,,,,,,,,,,,
22:00,,,,,,11:00,,,,,
,,,,,,,,,,,
21:00,,,,,,11:00,,,,,
22:00,,,,,,17:00,,,,,
21:30,,,,,,11:00,,,,,
,,,,,,,,,,,
21:00,,,,,,11:00,,,,,
14:30,22:00,,,,,11:30,17:00,,,,
14:00,,,,,,11:30,,,,,
14:00,22:00,22:00,,,,12:00,17:00,17:00,,,
22:00,,,,,,11:00,,,,,
,,,,,,,,,,,
,,,,,,,,,,,
19:00,,,,,,11:00,,,,,
,,,,,,,,,,,
22:00,,,,,,11:00,,,,,
23:00,13:00,,,,,11:00,11:00,,,,
14:00,21:00,,,,,11:00,17:00,,,,
23:00,,,,,,17:00,,,,,
22:00,,,,,,17:00,,,,,
22:00,,,,,,11:00,,,,,
14:00,23:30,,,,,12:00,17:00,,,,
21:30,,,,,,11:00,,,,,
21:30,,,,,,17:00,,,,,
14:30,22:00,,,,,12:00,17:00,,,,
21:30,23:00,,,,,11:00,11:00,,,,
22:00,,,,,,11:00,,,,,
14:30,21:00,,,,,11:30,17:00,,,,
,,,,,,,,,,,
,,,,,,,,,,,
23:00,,,,,,11:00,,,,,
13:30,21:30,,,,,12:00,16:00,,,,
21:30,,,,,,11:30,,,,,
21:30,,,,,,11:00,,,,,
22:00,,,,,,17:00,,,,,
14:00,22:00,,,,,12:00,17:00,,,,
24:00,,,,,,17:00,,,,,
22:00,,,,,,17:00,,,,,
22:00,,,,,,11:00,,,,,
,,,,,,,,,,,
,,,,,,,,,,,
22:00,,,,,,11:00,,,,,
22:00,,,,,,17:00,,,,,
23:00,,,,,,15:00,,,,,
22:00,,,,,,11:00,,,,,
,,,,,,,,,,,
24:00,,,,,,11:00,,,,,
22:00,,,,,,11:00,,,,,
15:00,22:00,,,,,11:00,17:00,,,,
22:00,,,,,,11:30,,,,,
,,,,,,,,,,,
,,,,,,,,,,,
,,,,,,,,,,,
,,,,,,,,,,,
14:00,22:00,,,,,12:00,17:00,,,,
15:00,21:30,,,,,11:00,17:00,,,,
14:00,22:00,,,,,11:30,16:00,,,,
,,,,,,,,,,,
14:00,22:00,,,,,12:00,17:00,,,,
22:00,,,,,,11:00,,,,,
14:00,23:00,,,,,11:30,17:00,,,,
13:30,22:00,,,,,12:00,17:00,,,,
15:00,22:30,,,,,11:30,17:00,,,,
22:00,,,,,,11:00,,,,,
20:00,14:00,,,,,18:00,12:00,,,,
22:00,,,,,,11:00,,,,,
,,,,,,,,,,,
22:00,,,,,,11:00,,,,,
,,,,,,,,,,,
23:30,,,,,,17:00,,,,,
21:30,,,,,,11:00,,,,,
22:00,,,,,,11:00,,,,,
23:00,,,,,,11:00,,,,,
24:00,,,,,,17:00,,,,,
21:00,,,,,,11:30,,,,,
15:00,,,,,,11:30,,,,,
,,,,,,,,,,,
22:00,22:00,,,,,11:00,10:30,,,,
,,,,,,,,,,,
,,,,,,,,,,,
14:00,,,,,,11:30,,,,,
14:45,23:00,14:45,23:30,,,11:30,17:00,11:30,17:00,,
22:00,,,,,,11:00,,,,,
20:30,,,,,,11:00,,,,,
24:00,,,,,,12:00,,,,,
,,,,,,,,,,,
,,,,,,,,,,,
22:00,,,,,,11:30,,,,,
23:00,23:00,,,,,11:00,10:30,,,,
14:00,21:00,,,,,12:00,16:00,,,,
,,,,,,,,,,,
23:00,15:00,,,,,11:00,11:00,,,,
22:00,,,,,,11:00,,,,,
21:00,,,,,,11:00,,,,,
,,,,,,,,,,,
15:00,,,,,,11:00,,,,,
22:00,,,,,,11:00,,,,,
,,,,,,,,,,,
17:00,,,,,,10:00,,,,,
23:30,,,,,,16:00,,,,,
,,,,,,,,,,,
14:30,23:00,,,,,11:00,17:00,,,,
,,,,,,,,,,,
23:00,,,,,,11:00,,,,,
14:00,15:00,22:00,,,,11:30,11:30,17:00,,,
22:00,14:00,,,,,11:00,11:00,,,,
,,,,,,,,,,,
22:00,,,,,,17:00,,,,,
23:30,,,,,,17:00,,,,,
,,,,,,,,,,,
,,,,,,,,,,,
22:00,,,,,,11:00,,,,,
,,,,,,,,,,,
22:00,,,,,,17:00,,,,,
,,,,,,,,,,,
14:00,23:00,,,,,11:00,16:30,,,,
22:30,,,,,,11:00,,,,,
23:00,,,,,,14:00,,,,,
22:00,21:00,,,,,17:00,17:00,,,,
02:00,03:00,,,,,17:30,17:30,,,,
20:00,,,,,,11:30,,,,,
23:00,,,,,,17:00,,,,,
23:00,,,,,,12:00,,,,,
16:00,,,,,,10:30,,,,,
,,,,,,,,,,,
23:00,,,,,,17:00,,,,,
,,,,,,,,,,,
21:10,17:00,,,,,11:00,15:00,,,,
,,,,,,,,,,,
22:00,21:00,,,,,10:00,10:00,,,,
22:00,,,,,,11:00,,,,,
,,,,,,,,,,,
19:00,,,,,,11:00,,,,,
15:00,22:00,,,,,11:00,17:00,,,,
,,,,,,,,,,,
,,,,,,,,,,,
,,,,,,,,,,,
,,,,,,,,,,,
,,,,,,,,,,,
23:00,,,,,,17:00,,,,,
,,,,,,,,,,,
,,,,,,,,,,,
23:00,,,,,,15:00,,,,,
24:00,,,,,,18:00,,,,,
,,,,,,,,,,,
21:30,,,,,,11:00,,,,,
21:30,22:00,,,,,11:00,11:00,,,,
,,,,,,,,,,,
,,,,,,,,,,,
23:00,,,,,,11:00,,,,,
,,,,,,,,,,,
,,,,,,,,,,,
,,,,,,,,,,,
21:00,20:45,,,,,11:00,10:00,,,,
,,,,,,,,,,,
,,,,,,,,,,,
,,,,,,,,,,,
23:00,,,,,,11:30,,,,,
,,,,,,,,,,,
20:00,,,,,,11:00,,,,,
22:00,,,,,,11:30,,,,,
14:30,23:00,,,,,11:30,17:00,,,,
,,,,,,,,,,,
14:00,24:00,,,,,11:30,18:00,,,,
24:00,,,,,,17:00,,,,,
24:00,,,,,,17:00,,,,,
24:00,,,,,,18:00,,,,,
,,,,,,,,,,,
,,,,,,,,,,,
,,,,,,,,,,,
14:00,22:00,,,,,11:30,17:00,,,,
,,,,,,,,,,,
24:00,,,,,,17:00,,,,,
,,,,,,,,,,,
,,,,,,,,,,,
,,,,,,,,,,,
21:00,,,,,,11:00,,,,,
14:00,21:00,,,,,11:30,17:30,,,,
21:30,,,,,,11:00,,,,,
,,,,,,,,,,,
23:00,,,,,,16:00,,,,,
,,,,,,,,,,,
14:00,21:00,,,,,11:30,17:30,,,,
13:30,22:30,,,,,11:30,17:30,,,,
,,,,,,,,,,,
,,,,,,,,,,,
,,,,,,,,,,,
,,,,,,,,,,,
14:00,23:30,23:30,24:00,,,12:00,17:30,17:30,17:30,,
,,,,,,,,,,,
,,,,,,,,,,,
,,,,,,,,,,,
22:30,,,,,,11:00,,,,,
,,,,,,,,,,,
,,,,,,,,,,,
14:00,22:00,,,,,11:30,17:00,,,,
,,,,,,,,,,,
21:00,,,,,,11:00,,,,,
,,,,,,,,,,,
,,,,,,,,,,,
14:30,20:30,,,,,11:30,17:00,,,,
,,,,,,,,,,,
21:30,,,,,,17:00,,,,,
23:00,,,,,,11:00,,,,,
,,,,,,,,,,,
,,,,,,,,,,,
20:00,,,,,,10:00,,,,,
,,,,,,,,,,,
,,,,,,,,,,,
23:00,,,,,,17:00,,,,,
,,,,,,,,,,,
22:00,,,,,,10:00,,,,,
,,,,,,,,,,,
,,,,,,,,,,,
21:00,,,,,,11:00,,,,,
,,,,,,,,,,,
,,,,,,,,,,,
,,,,,,,,,,,
,,,,,,,,,,,
23:00,,,,,,17:00,,,,,
15:00,22:00,14:00,,,,11:00,16:30,11:30,,,
,,,,,,,,,,,
15:00,22:00,,,,,11:00,17:00,,,,
20:00,,,,,,11:00,,,,,
,,,,,,,,,,,
20:00,,,,,,11:00,,,,,
13:30,24:00,,,,,11:30,17:30,,,,
14:00,22:00,,,,,11:30,17:30,,,,
20:00,,,,,,12:00,,,,,
21:00,16:00,,,,,11:30,14:00,,,,
22:00,14:00,,,,,11:00,11:00,,,,
,,,,,,,,,,,
,,,,,,,,,,,
,,,,,,,,,,,
23:00,,,,,,17:30,,,,,
22:00,14:00,,,,,11:30,11:30,,,,
14:00,21:00,,,,,11:30,16:30,,,,
,,,,,,,,,,,
14:00,21:30,,,,,11:00,17:00,,,,
,,,,,,,,,,,
,,,,,,,,,,,
,,,,,,,,,,,
24:00,13:30,24:00,,,,17:00,12:00,17:00,,,
22:00,,,,,,11:00,,,,,
,,,,,,,,,,,
22:00,,,,,,17:00,,,,,
,,,,,,,,,,,
,,,,,,,,,,,
,,,,,,,,,,,
14:30,22:00,25:00,,,,11:00,18:00,17:00,,,
,,,,,,,,,,,
20:00,,,,,,11:00,,,,,
,,,,,,,,,,,
,,,,,,,,,,,
,,,,,,,,,,,
,,,,,,,,,,,
,,,,,,,,,,,
23:00,,,,,,17:00,,,,,
22:00,,,,,,11:00,,,,,
,,,,,,,,,,,
22:00,,,,,,10:00,,,,,
,,,,,,,,,,,
23:00,,,,,,11:00,,,,,
,,,,,,,,,,,
22:00,22:00,,,,,11:00,10:30,,,,
21:00,,,,,,11:00,,,,,
,,,,,,,,,,,
20:00,,,,,,11:30,,,,,
,,,,,,,,,,,
21:00,,,,,,11:00,,,,,
,,,,,,,,,,,
,,,,,,,,,,,
,,,,,,,,,,,
,,,,,,,,,,,
,,,,,,,,,,,
,,,,,,,,,,,
23:00,,,,,,17:00,,,,,
,,,,,,,,,,,
,,,,,,,,,,,
23:00,,,,,,17:00,,,,,
21:00,,,,,,11:00,,,,,
19:00,,,,,,10:00,,,,,
21:00,,,,,,11:00,,,,,
23:30,,,,,,18:00,,,,,
,,,,,,,,,,,
23:30,,,,,,17:30,,,,,
21:00,20:45,,,,,11:00,10:00,,,,
13:30,21:00,,,,,11:30,17:30,,,,
,,,,,,,,,,,
,,,,,,,,,,,
14:00,22:00,,,,,11:30,17:00,,,,
,,,,,,,,,,,
23:00,,,,,,12:00,,,,,
23:00,22:00,,,,,18:00,18:00,,,,
,,,,,,,,,,,
21:00,,,,,,11:00,,,,,
,,,,,,,,,,,
14:00,21:30,,,,,11:30,16:00,,,,
,,,,,,,,,,,
13:00,22:00,,,,,11:30,16:00,,,,
14:00,,,,,,11:30,,,,,
,,,,,,,,,,,
15:30,24:00,,,,,12:00,17:00,,,,
,,,,,,,,,,,
,,,,,,,,,,,
15:00,21:00,,,,,11:00,17:00,,,,
,,,,,,,,,,,
23:00,,,,,,17:00,,,,,
,,,,,,,,,,,
,,,,,,,,,,,
14:00,23:00,,,,,12:00,17:00,,,,
,,,,,,,,,,,
23:00,,,,,,17:30,,,,,
,,,,,,,,,,,
,,,,,,,,,,,
21:00,,,,,,11:00,,,,,
,,,,,,,,,,,
,,,,,,,,,,,
,,,,,,,,,,,
,,,,,,,,,,,
22:00,,,,,,17:00,,,,,
14:00,22:00,,,,,11:30,17:00,,,,
,,,,,,,,,,,
,,,,,,,,,,,
,,,,,,,,,,,
22:00,,,,,,17:00,,,,,
,,,,,,,,,,,
,,,,,,,,,,,
22:00,,,,,,11:00,,,,,
20:00,,,,,,10:30,,,,,
,,,,,,,,,,,
24:00,,,,,,17:00,,,,,
,,,,,,,,,,,
,,,,,,,,,,,
21:00,,,,,,11:30,,,,,
,,,,,,,,,,,
24:00,,,,,,18:00,,,,,
14:00,22:00,,,,,11:30,17:00,,,,
,,,,,,,,,,,
,,,,,,,,,,,
24:00,,,,,,18:00,,,,,
21:30,,,,,,11:00,,,,,
21:00,,,,,,11:00,,,,,
,,,,,,,,,,,
,,,,,,,,,,,
22:00,,,,,,11:00,,,,,
22:00,22:00,,,,,11:00,10:30,,,,
23:00,,,,,,17:00,,,,,
,,,,,,,,,,,
,,,,,,,,,,,
,,,,,,,,,,,
,,,,,,,,,,,
,,,,,,,,,,,
23:00,13:30,,,,,17:00,11:00,,,,
22:00,,,,,,11:00,,,,,
,,,,,,,,,,,
,,,,,,,,,,,
23:00,,,,,,11:30,,,,,
,,,,,,,,,,,
,,,,,,,,,,,
20:00,,,,,,11:00,,,,,
,,,,,,,,,,,
,,,,,,,,,,,
23:00,,,,,,17:00,,,,,
,,,,,,,,,,,
22:30,,,,,,17:30,,,,,
,,,,,,,,,,,
14:00,20:00,14:00,21:00,,,11:30,17:00,11:30,17:00,,
22:30,,,,,,17:00,,,,,
,,,,,,,,,,,
21:30,,,,,,17:30,,,,,
22:30,,,,,,18:00,,,,,
,,,,,,,,,,,
13:30,22:00,,,,,12:00,17:30,,,,
,,,,,,,,,,,
14:00,22:00,,,,,11:30,17:00,,,,
14:00,22:00,,,,,12:00,18:00,,,,
,,,,,,,,,,,
18:00,20:30,,,,,10:00,10:00,,,,
,,,,,,,,,,,
24:00,,,,,,17:00,,,,,
23:00,,,,,,17:00,,,,,
14:00,22:00,,,,,12:00,17:00,,,,
,,,,,,,,,,,
24:00,,,,,,17:00,,,,,
,,,,,,,,,,,
21:00,,,,,,11:30,,,,,
,,,,,,,,,,,
14:00,22:00,,,,,11:30,16:30,,,,
20:00,,,,,,11:00,,,,,
23:00,,,,,,11:00,,,,,
,,,,,,,,,,,
,,,,,,,,,,,
14:00,21:00,,,,,11:30,17:00,,,,
,,,,,,,,,,,
,,,,,,,,,,,
,,,,,,,,,,,
14:00,,,,,,11:30,,,,,
,,,,,,,,,,,
,,,,,,,,,,,
22:00,,,,,,17:00,,,,,
22:00,,,,,,11:00,,,,,
,,,,,,,,,,,
,,,,,,,,,,,
21:00,,,,,,11:00,,,,,
,,,,,,,,,,,
,,,,,,,,,,,
24:00,,,,,,12:00,,,,,
,,,,,,,,,,,
23:00,,,,,,11:00,,,,,
22:00,,,,,,11:30,,,,,
21:30,,,,,,11:00,,,,,
20:00,,,,,,11:00,,,,,
,,,,,,,,,,,
21:00,,,,,,10:00,,,,,
,,,,,,,,,,,
,,,,,,,,,,,
,,,,,,,,,,,
,,,,,,,,,,,
,,,,,,,,,,,
22:00,,,,,,11:30,,,,,
,,,,,,,,,,,
,,,,,,,,,,,
22:00,,,,,,16:00,,,,,
14:30,22:00,,,,,11:30,16:30,,,,
15:00,23:00,,,,,12:00,17:00,,,,
22:00,,,,,,10:00,,,,,
22:30,,,,,,17:00,,,,,
,,,,,,,,,,,
22:00,22:00,,,,,11:00,10:30,,,,
,,,,,,,,,,,
,,,,,,,,,,,
,,,,,,,,,,,
22:00,,,,,,17:00,,,,,
14:00,22:00,,,,,11:30,17:00,,,,
,,,,,,,,,,,
13:30,22:00,,,,,11:00,17:00,,,,
13:30,22:00,,,,,11:30,17:00,,,,
14:00,,,,,,11:30,,,,,
,,,,,,,,,,,
15:00,21:00,,,,,11:30,17:00,,,,
24:30,,,,,,16:00,,,,,
,,,,,,,,,,,
,,,,,,,,,,,
,,,,,,,,,,,
14:00,22:00,,,,,11:30,17:00,,,,
,,,,,,,,,,,
14:00,21:00,,,,,11:30,17:00,,,,
,,,,,,,,,,,
,,,,,,,,,,,
,,,,,,,,,,,
21:00,,,,,,11:00,,,,,
,,,,,,,,,,,
,,,,,,,,,,,
22:00,,,,,,11:00,,,,,
,,,,,,,,,,,
,,,,,,,,,,,
14:00,21:00,,,,,11:00,16:00,,,,
21:30,22:00,,,,,11:00,11:00,,,,
23:00,,,,,,17:00,,,,,
21:00,21:00,,,,,11:00,10:00,,,,
,,,,,,,,,,,
,,,,,,,,,,,
14:00,23:00,,,,,11:30,17:00,,,,
14:00,23:00,,,,,11:00,18:00,,,,
,,,,,,,,,,,
,,,,,,,,,,,
23:00,,,,,,11:00,,,,,
,,,,,,,,,,,
20:00,,,,,,10:00,,,,,
14:30,23:00,,,,,11:30,17:30,,,,
22:00,,,,,,11:00,,,,,
21:00,,,,,,11:00,,,,,
,,,,,,,,,,,
,,,,,,,,,,,
24:00,,,,,,18:00,,,,,
,,,,,,,,,,,
,,,,,,,,,,,
13:30,22:00,,,,,11:30,17:30,,,,
,,,,,,,,,,,
,,,,,,,,,,,
,,,,,,,,,,,
21:00,,,,,,10:00,,,,,
,,,,,,,,,,,
,,,,,,,,,,,
15:00,22:00,,,,,11:30,17:00,,,,
21:00,,,,,,11:00,,,,,
,,,,,,,,,,,
,,,,,,,,,,,
,,,,,,,,,,,
,,,,,,,,,,,
23:00,,,,,,11:00,,,,,
14:00,22:00,,,,,11:30,17:30,,,,
,,,,,,,,,,,
23:00,,,,,,17:00,,,,,
,,,,,,,,,,,
14:00,24:00,24:00,,,,11:30,17:00,17:00,,,
,,,,,,,,,,,
,,,,,,,,,,,
,,,,,,,,,,,
,,,,,,,,,,,
20:00,,,,,,10:00,,,,,
,,,,,,,,,,,
,,,,,,,,,,,
,,,,,,,,,,,
,,,,,,,,,,,
,,,,,,,,,,,
,,,,,,,,,,,
,,,,,,,,,,,
23:00,,,,,,11:00,,,,,
21:00,,,,,,10:30,,,,,
,,,,,,,,,,,
,,,,,,,,,,,
,,,,,,,,,,,
23:00,,,,,,11:00,,,,,
14:00,22:00,,,,,11:30,17:00,,,,
,,,,,,,,,,,
,,,,,,,,,,,
,,,,,,,,,,,
,,,,,,,,,,,
,,,,,,,,,,,
,,,,,,,,,,,
,,,,,,,,,,,
,,,,,,,,,,,
20:00,,,,,,11:30,,,,,
,,,,,,,,,,,
,,,,,,,,,,,
,,,,,,,,,,,
,,,,,,,,,,,
,,,,,,,,,,,
,,,,,,,,,,,
15:30,22:00,16:30,22:00,,,11:30,17:30,11:30,16:30,,
,,,,,,,,,,,
23:00,,,,,,12:00,,,,,
23:00,,,,,,17:00,,,,,
,,,,,,,,,,,
,,,,,,,,,,,
,,,,,,,,,,,
,,,,,,,,,,,
,,,,,,,,,,,
,,,,,,,,,,,
,,,,,,,,,,,
,,,,,,,,,,,
,,,,,,,,,,,
14:00,21:30,,,,,11:00,17:00,,,,
23:00,,,,,,17:00,,,,,
,,,,,,,,,,,
,,,,,,,,,,,
23:00,,,,,,17:00,,,,,
,,,,,,,,,,,
,,,,,,,,,,,
,,,,,,,,,,,
,,,,,,,,,,,
,,,,,,,,,,,
,,,,,,,,,,,
,,,,,,,,,,,
23:00,,,,,,11:00,,,,,
23:00,,,,,,17:00,,,,,
23:00,,,,,,17:00,,,,,
23:00,,,,,,17:00,,,,,
,,,,,,,,,,,
,,,,,,,,,,,
21:00,,,,,,11:00,,,,,
,,,,,,,,,,,
21:00,,,,,,11:00,,,,,
23:00,,,,,,17:00,,,,,
,,,,,,,,,,,
,,,,,,,,,,,
23:00,,,,,,17:00,,,,,
,,,,,,,,,,,
14:00,22:00,,,,,11:00,17:00,,,,
,,,,,,,,,,,
,,,,,,,,,,,
23:00,,,,,,11:00,,,,,
,,,,,,,,,,,
24:00,,,,,,17:00,,,,,
,,,,,,,,,,,
,,,,,,,,,,,
14:00,23:00,,,,,11:30,17:00,,,,
23:00,,,,,,11:00,,,,,
,,,,,,,,,,,
13:30,23:00,,,,,11:30,17:00,,,,
,,,,,,,,,,,
14:00,22:00,,,,,11:00,16:30,,,,
,,,,,,,,,,,
,,,,,,,,,,,
23:00,,,,,,17:00,,,,,
,,,,,,,,,,,
,,,,,,,,,,,
22:00,,,,,,16:30,,,,,
23:00,,,,,,11:00,,,,,
,,,,,,,,,,,
,,,,,,,,,,,
23:00,,,,,,17:00,,,,,
23:00,23:00,,,,,11:00,10:30,,,,
,,,,,,,,,,,
21:00,,,,,,17:00,,,,,
,,,,,,,,,,,
,,,,,,,,,,,
,,,,,,,,,,,
,,,,,,,,,,,
,,,,,,,,,,,
23:00,,,,,,17:00,,,,,
,,,,,,,,,,,
,,,,,,,,,,,
,,,,,,,,,,,
,,,,,,,,,,,
,,,,,,,,,,,
,,,,,,,,,,,
,,,,,,,,,,,
,,,,,,,,,,,
,,,,,,,,,,,
,,,,,,,,,,,
,,,,,,,,,,,
24:00,,,,,,17:30,,,,,
13:30,22:30,,,,,11:30,17:00,,,,
,,,,,,,,,,,
,,,,,,,,,,,
,,,,,,,,,,,
,,,,,,,,,,,
24:00,,,,,,18:00,,,,,
,,,,,,,,,,,
23:15,23:15,,,,,17:30,17:00,,,,
,,,,,,,,,,,
,,,,,,,,,,,
,,,,,,,,,,,
14:00,23:30,,,,,11:30,17:00,,,,
15:30,22:00,16:30,22:00,,,11:30,17:30,11:30,16:30,,
,,,,,,,,,,,
,,,,,,,,,,,
,,,,,,,,,,,
,,,,,,,,,,,
,,,,,,,,,,,
,,,,,,,,,,,
,,,,,,,,,,,
,,,,,,,,,,,
22:00,,,,,,18:00,,,,,
,,,,,,,,,,,
,,,,,,,,,,,
,,,,,,,,,,,
,,,,,,,,,,,
,,,,,,,,,,,
,,,,,,,,,,,
,,,,,,,,,,,
,,,,,,,,,,,
,,,,,,,,,,,
,,,,,,,,,,,
,,,,,,,,,,,
,,,,,,,,,,,
,,,,,,,,,,,
,,,,,,,,,,,
22:00,,,,,,17:30,,,,,
23:00,,,,,,17:00,,,,,
,,,,,,,,,,,
,,,,,,,,,,,
,,,,,,,,,,,
,,,,,,,,,,,
,,,,,,,,,,,
,,,,,,,,,,,
,,,,,,,,,,,
13:30,22:30,,,,,12:30,17:00,,,,
,,,,,,,,,,,
14:00,23:00,,,,,11:00,17:00,,,,
24:00,,,,,,17:00,,,,,
21:00,,,,,,11:00,,,,,
13:00,22:00,,,,,11:30,16:30,,,,
,,,,,,,,,,,
22:00,,,,,,11:00,,,,,
21:00,,,,,,18:00,,,,,
20:00,,,,,,10:00,,,,,
14:00,23:00,,,,,11:30,17:00,,,,
,,,,,,,,,,,
,,,,,,,,,,,
,,,,,,,,,,,
22:00,,,,,,17:00,,,,,
22:00,,,,,,11:00,,,,,
21:45,20:45,,,,,11:30,11:30,,,,
22:00,,,,,,11:00,,,,,
,,,,,,,,,,,
14:00,23:00,,,,,12:00,16:00,,,,
,,,,,,,,,,,
,,,,,,,,,,,
,,,,,,,,,,,
20:30,,,,,,11:00,,,,,
,,,,,,,,,,,
23:00,,,,,,17:00,,,,,
14:30,23:00,24:00,,,,11:30,17:30,17:30,,,
,,,,,,,,,,,
24:00,,,,,,16:00,,,,,
24:00,,,,,,18:00,,,,,
23:00,,,,,,17:00,,,,,
23:00,,,,,,16:00,,,,,
,,,,,,,,,,,
,,,,,,,,,,,
,,,,,,,,,,,
,,,,,,,,,,,
,,,,,,,,,,,
13:00,21:00,,,,,11:00,16:00,,,,
20:30,,,,,,11:00,,,,,
,,,,,,,,,,,
,,,,,,,,,,,
,,,,,,,,,,,
22:00,,,,,,11:00,,,,,
21:00,,,,,,10:00,,,,,
,,,,,,,,,,,
21:00,,,,,,11:00,,,,,
,,,,,,,,,,,
15:00,,,,,,12:00,,,,,
,,,,,,,,,,,
,,,,,,,,,,,
22:00,,,,,,11:00,,,,,
17:00,,,,,,11:00,,,,,
,,,,,,,,,,,
18:00,,,,,,10:00,,,,,
,,,,,,,,,,,
,,,,,,,,,,,
,,,,,,,,,,,
,,,,,,,,,,,
,,,,,,,,,,,
23:00,,,,,,17:30,,,,,
,,,,,,,,,,,
23:00,,,,,,11:30,,,,,
19:00,,,,,,10:00,,,,,
23:00,,,,,,17:00,,,,,
15:00,22:00,,,,,11:30,17:00,,,,
23:30,,,,,,17:00,,,,,
22:00,,,,,,11:00,,,,,
23:30,,,,,,17:00,,,,,
22:00,,,,,,11:00,,,,,
22:00,,,,,,11:00,,,,,
22:00,,,,,,10:00,,,,,
15:00,21:00,,,,,11:00,17:00,,,,
,,,,,,,,,,,
,,,,,,,,,,,
,,,,,,,,,,,
,,,,,,,,,,,
14:30,22:00,14:30,,,,11:30,17:30,11:30,,,
21:00,,,,,,10:00,,,,,
24:00,,,,,,15:00,,,,,
15:00,,,,,,11:00,,,,,
15:00,17:00,,,,,11:00,15:00,,,,
22:00,,,,,,11:00,,,,,
14:00,22:30,,,,,11:00,17:00,,,,
,,,,,,,,,,,
23:00,,,,,,11:00,,,,,
22:00,,,,,,17:00,,,,,
,,,,,,,,,,,
,,,,,,,,,,,
22:00,,,,,,11:00,,,,,
23:00,24:00,23:00,,,,18:00,17:00,17:00,,,
15:00,21:30,,,,,11:00,17:00,,,,
15:00,15:00,21:30,,,,11:30,11:00,17:00,,,
21:30,,,,,,11:00,,,,,
,,,,,,,,,,,
14:30,21:30,,,,,11:30,17:30,,,,
24:00,,,,,,17:00,,,,,
,,,,,,,,,,,
23:00,,,,,,11:00,,,,,
21:30,,,,,,11:00,,,,,
21:00,,,,,,12:00,,,,,
,,,,,,,,,,,
14:00,22:00,,,,,11:30,17:30,,,,
,,,,,,,,,,,
,,,,,,,,,,,
,,,,,,,,,,,
21:00,,,,,,11:30,,,,,
,,,,,,,,,,,
22:00,22:00,,,,,11:00,10:30,,,,
,,,,,,,,,,,
14:30,,,,,,11:00,,,,,
23:00,,,,,,12:00,,,,,
21:00,,,,,,11:00,,,,,
20:00,,,,,,10:30,,,,,
14:00,21:00,,,,,11:30,17:00,,,,
22:00,,,,,,11:00,,,,,
19:00,,,,,,11:00,,,,,
,,,,,,,,,,,
,,,,,,,,,,,
,,,,,,,,,,,
,,,,,,,,,,,
21:00,,,,,,11:00,,,,,
23:00,,,,,,11:00,,,,,
14:00,22:00,,,,,11:00,17:00,,,,
,,,,,,,,,,,
14:00,21:00,,,,,11:00,17:00,,,,
,,,,,,,,,,,
,,,,,,,,,,,
23:00,,,,,,17:00,,,,,
,,,,,,,,,,,
22:00,,,,,,11:00,,,,,
,,,,,,,,,,,
,,,,,,,,,,,
14:00,22:00,,,,,11:00,17:00,,,,
13:30,,,,,,11:30,,,,,
,,,,,,,,,,,
22:30,,,,,,17:00,,,,,
,,,,,,,,,,,
,,,,,,,,,,,
,,,,,,,,,,,
,,,,,,,,,,,
22:00,,,,,,17:00,,,,,
,,,,,,,,,,,
,,,,,,,,,,,
,,,,,,,,,,,
,,,,,,,,,,,
,,,,,,,,,,,
13:00,22:00,,,,,11:00,17:00,,,,
,,,,,,,,,,,
,,,,,,,,,,,
,,,,,,,,,,,
24:00,,,,,,17:00,,,,,
14:30,21:00,,,,,11:00,16:30,,,,
15:00,,,,,,11:00,,,,,
,,,,,,,,,,,
22:00,24:00,,,,,17:00,17:00,,,,
,,,,,,,,,,,
,,,,,,,,,,,
20:00,,,,,,11:00,,,,,
,,,,,,,,,,,
14:00,20:00,,,,,11:30,17:30,,,,
14:00,24:00,,,,,11:00,18:00,,,,
18:00,,,,,,11:00,,,,,
,,,,,,,,,,,
10:00,22:00,,,,,07:00,17:00,,,,
,,,,,,,,,,,
,,,,,,,,,,,
,,,,,,,,,,,
22:00,,,,,,11:30,,,,,
,,,,,,,,,,,
,,,,,,,,,,,
22:00,,,,,,17:00,,,,,
,,,,,,,,,,,
,,,,,,,,,,,
,,,,,,,,,,,
15:00,,,,,,11:30,,,,,
,,,,,,,,,,,
,,,,,,,,,,,
15:00,23:00,,,,,11:00,17:00,,,,
23:00,,,,,,17:30,,,,,
,,,,,,,,,,,
,,,,,,,,,,,
,,,,,,,,,,,
,,,,,,,,,,,
,,,,,,,,,,,
,,,,,,,,,,,
,,,,,,,,,,,
,,,,,,,,,,,
,,,,,,,,,,,
23:00,,,,,,17:00,,,,,
,,,,,,,,,,,
,,,,,,,,,,,
24:00,,,,,,17:30,,,,,
,,,,,,,,,,,
19:00,,,,,,10:00,,,,,
,,,,,,,,,,,
,,,,,,,,,,,
19:00,,,,,,08:30,,,,,
21:00,,,,,,11:00,,,,,
,,,,,,,,,,,
,,,,,,,,,,,
21:00,,,,,,11:00,,,,,
,,,,,,,,,,,
20:00,,,,,,11:00,,,,,
,,,,,,,,,,,
,,,,,,,,,,,
,,,,,,,,,,,
24:00,,,,,,17:00,,,,,
,,,,,,,,,,,
,,,,,,,,,,,
23:00,,,,,,18:00,,,,,
13:30,,,,,,11:30,,,,,
,,,,,,,,,,,
14:00,23:00,,,,,11:30,18:00,,,,
20:00,,,,,,10:00,,,,,
19:00,,,,,,11:00,,,,,
,,,,,,,,,,,
20:00,,,,,,17:30,,,,,
,,,,,,,,,,,
24:00,22:00,,,,,17:00,17:00,,,,
15:00,,,,,,11:00,,,,,
,,,,,,,,,,,
,,,,,,,,,,,
,,,,,,,,,,,
22:00,,,,,,11:00,,,,,
14:00,21:45,,,,,11:00,17:00,,,,
,,,,,,,,,,,
24:00,,,,,,17:00,,,,,
,,,,,,,,,,,
23:30,24:00,,,,,17:00,17:00,,,,
15:30,,,,,,10:00,,,,,
22:00,,,,,,18:00,,,,,
22:00,,,,,,10:00,,,,,
,,,,,,,,,,,
17:00,,,,,,11:00,,,,,
24:00,,,,,,10:30,,,,,
,,,,,,,,,,,
24:00,,,,,,17:00,,,,,
,,,,,,,,,,,
22:30,,,,,,11:00,,,,,
14:30,22:00,,,,,11:30,17:30,,,,
15:00,20:00,,,,,11:00,18:00,,,,
,,,,,,,,,,,
,,,,,,,,,,,
,,,,,,,,,,,
,,,,,,,,,,,
,,,,,,,,,,,
,,,,,,,,,,,
,,,,,,,,,,,
,,,,,,,,,,,
,,,,,,,,,,,
23:00,,,,,,17:30,,,,,
16:00,,,,,,12:00,,,,,
,,,,,,,,,,,
,,,,,,,,,,,
,,,,,,,,,,,
,,,,,,,,,,,
,,,,,,,,,,,
22:30,,,,,,18:00,,,,,
,,,,,,,,,,,
,,,,,,,,,,,
22:00,,,,,,10:00,,,,,
,,,,,,,,,,,
,,,,,,,,,,,
,,,,,,,,,,,
14:00,22:00,,,,,11:00,18:00,,,,
22:30,,,,,,18:00,,,,,
14:30,,,,,,11:00,,,,,
24:00,,,,,,18:00,,,,,
21:30,,,,,,16:00,,,,,
,,,,,,,,,,,
24:30,,,,,,17:30,,,,,
14:00,22:00,,,,,11:00,17:00,,,,
,,,,,,,,,,,
,,,,,,,,,,,
,,,,,,,,,,,
,,,,,,,,,,,
14:30,22:00,,,,,11:30,17:00,,,,
,,,,,,,,,,,
,,,,,,,,,,,
,,,,,,,,,,,
,,,,,,,,,,,
,,,,,,,,,,,
,,,,,,,,,,,
24:00,,,,,,17:30,,,,,
,,,,,,,,,,,
14:00,23:00,23:00,,,,12:00,17:00,17:00,,,
,,,,,,,,,,,
,,,,,,,,,,,
,,,,,,,,,,,
,,,,,,,,,,,
,,,,,,,,,,,
,,,,,,,,,,,
,,,,,,,,,,,
,,,,,,,,,,,
,,,,,,,,,,,
,,,,,,,,,,,
,,,,,,,,,,,
,,,,,,,,,,,
,,,,,,,,,,,
23:00,,,,,,18:00,,,,,
,,,,,,,,,,,
,,,,,,,,,,,
,,,,,,,,,,,
,,,,,,,,,,,
,,,,,,,,,,,
,,,,,,,,,,,
23:00,,,,,,17:30,,,,,
,,,,,,,,,,,
,,,,,,,,,,,
24:00,,,,,,17:30,,,,,
,,,,,,,,,,,
,,,,,,,,,,,
14:00,22:00,,,,,11:30,17:30,,,,
,,,,,,,,,,,
,,,,,,,,,,,
23:00,,,,,,11:00,,,,,
,,,,,,,,,,,
14:00,23:00,,,,,11:30,17:00,,,,
,,,,,,,,,,,
,,,,,,,,,,,
,,,,,,,,,,,
,,,,,,,,,,,
,,,,,,,,,,,
,,,,,,,,,,,
,,,,,,,,,,,
,,,,,,,,,,,
23:00,,,,,,16:00,,,,,
22:00,,,,,,17:00,,,,,
,,,,,,,,,,,
,,,,,,,,,,,
,,,,,,,,,,,
19:00,,,,,,11:00,,,,,
,,,,,,,,,,,
21:00,,,,,,10:00,,,,,
,,,,,,,,,,,
16:00,,,,,,10:00,,,,,
,,,,,,,,,,,
13:00,,,,,,11:00,,,,,
,,,,,,,,,,,
22:00,,,,,,12:00,,,,,
,,,,,,,,,,,
,,,,,,,,,,,
15:00,,,,,,11:00,,,,,
,,,,,,,,,,,
,,,,,,,,,,,
,,,,,,,,,,,
23:00,,,,,,11:00,,,,,
,,,,,,,,,,,
,,,,,,,,,,,
,,,,,,,,,,,
,,,,,,,,,,,
,,,,,,,,,,,
,,,,,,,,,,,
,,,,,,,,,,,
,,,,,,,,,,,
,,,,,,,,,,,
21:30,,,,,,17:00,,,,,
,,,,,,,,,,,
14:00,22:00,,,,,11:30,17:00,,,,
15:30,22:00,16:30,22:00,,,11:30,17:30,11:30,16:30,,
23:00,23:00,,,,,11:00,10:30,,,,
14:00,21:30,,,,,11:30,17:00,,,,
,,,,,,,,,,,
,,,,,,,,,,,
,,,,,,,,,,,
13:30,24:00,,,,,11:00,17:00,,,,
,,,,,,,,,,,
24:00,,,,,,18:00,,,,,
,,,,,,,,,,,
,,,,,,,,,,,
,,,,,,,,,,,
,,,,,,,,,,,
22:30,,,,,,17:00,,,,,
22:00,,,,,,18:00,,,,,
,,,,,,,,,,,
,,,,,,,,,,,
,,,,,,,,,,,
13:00,22:30,,,,,11:30,16:00,,,,
21:30,,,,,,17:00,,,,,
,,,,,,,,,,,
13:00,22:00,,,,,11:30,17:00,,,,
20:00,,,,,,11:30,,,,,
,,,,,,,,,,,
,,,,,,,,,,,
15:00,,,,,,10:00,,,,,
,,,,,,,,,,,
23:00,,,,,,17:00,,,,,
,,,,,,,,,,,
,,,,,,,,,,,
22:30,,,,,,18:00,,,,,
24:00,,,,,,17:00,,,,,
14:00,,,,,,11:00,,,,,
,,,,,,,,,,,
21:00,,,,,,14:00,,,,,
,,,,,,,,,,,
,,,,,,,,,,,
,,,,,,,,,,,
,,,,,,,,,,,
,,,,,,,,,,,
22:00,,,,,,18:00,,,,,
23:00,,,,,,16:30,,,,,
,,,,,,,,,,,
24:00,,,,,,16:00,,,,,
,,,,,,,,,,,
,,,,,,,,,,,
16:00,,,,,,10:00,,,,,
,,,,,,,,,,,
24:00,,,,,,17:00,,,,,
23:00,,,,,,18:00,,,,,
,,,,,,,,,,,
18:00,,,,,,11:00,,,,,
,,,,,,,,,,,
20:30,,,,,,10:00,,,,,
15:00,20:00,,,,,11:00,17:00,,,,
,,,,,,,,,,,
,,,,,,,,,,,
,,,,,,,,,,,
,,,,,,,,,,,
,,,,,,,,,,,
,,,,,,,,,,,
,,,,,,,,,,,
,,,,,,,,,,,
,,,,,,,,,,,
24:00,,,,,,17:00,,,,,
,,,,,,,,,,,
,,,,,,,,,,,
,,,,,,,,,,,
,,,,,,,,,,,
19:00,,,,,,11:00,,,,,
23:00,24:30,,,,,17:00,17:00,,,,
14:30,22:00,,,,,11:00,17:00,,,,
,,,,,,,,,,,
,,,,,,,,,,,
23:00,23:00,,,,,17:00,12:00,,,,
,,,,,,,,,,,
24:00,,,,,,17:00,,,,,
,,,,,,,,,,,
21:30,,,,,,17:00,,,,,
,,,,,,,,,,,
21:30,,,,,,17:30,,,,,
,,,,,,,,,,,
,,,,,,,,,,,
,,,,,,,,,,,
,,,,,,,,,,,
23:30,,,,,,17:00,,,,,
23:00,,,,,,17:00,,,,,
,,,,,,,,,,,
18:00,,,,,,11:00,,,,,
,,,,,,,,,,,
15:00,,,,,,11:00,,,,,
,,,,,,,,,,,
15:00,22:00,,,,,11:00,17:00,,,,
14:30,23:00,,,,,11:00,17:00,,,,
,,,,,,,,,,,
,,,,,,,,,,,
24:00,24:00,24:00,,,,10:30,10:30,10:30,,,
21:00,,,,,,17:30,,,,,
,,,,,,,,,,,
,,,,,,,,,,,
20:00,,,,,,10:00,,,,,
,,,,,,,,,,,
14:00,21:00,,,,,11:00,17:00,,,,
13:00,,,,,,11:30,,,,,
,,,,,,,,,,,
20:00,,,,,,11:00,,,,,
,,,,,,,,,,,
,,,,,,,,,,,
,,,,,,,,,,,
,,,,,,,,,,,
,,,,,,,,,,,
,,,,,,,,,,,
,,,,,,,,,,,
23:00,,,,,,17:00,,,,,
,,,,,,,,,,,
,,,,,,,,,,,
23:00,,,,,,17:00,,,,,
14:30,20:30,,,,,11:00,17:30,,,,
,,,,,,,,,,,
,,,,,,,,,,,
,,,,,,,,,,,
,,,,,,,,,,,
18:00,,,,,,11:00,,,,,
17:00,,,,,,10:00,,,,,
14:00,,,,,,11:00,,,,,
,,,,,,,,,,,
,,,,,,,,,,,
,,,,,,,,,,,
,,,,,,,,,,,
,,,,,,,,,,,
23:00,,,,,,16:00,,,,,
,,,,,,,,,,,
,,,,,,,,,,,
17:30,,,,,,11:00,,,,,
19:00,,,,,,10:00,,,,,
,,,,,,,,,,,
,,,,,,,,,,,
,,,,,,,,,,,
24:00,,,,,,18:00,,,,,
,,,,,,,,,,,
,,,,,,,,,,,
,,,,,,,,,,,
,,,,,,,,,,,
14:30,21:30,,,,,11:00,17:30,,,,
24:00,,,,,,17:00,,,,,
,,,,,,,,,,,
,,,,,,,,,,,
23:00,,,,,,12:00,,,,,
,,,,,,,,,,,
24:00,,,,,,17:00,,,,,
,,,,,,,,,,,
17:00,16:00,,,,,11:00,11:00,,,,
,,,,,,,,,,,
15:00,,,,,,12:00,,,,,
,,,,,,,,,,,
,,,,,,,,,,,
,,,,,,,,,,,
,,,,,,,,,,,
,,,,,,,,,,,
14:00,20:00,,,,,11:00,17:00,,,,
14:30,,,,,,11:00,,,,,
14:30,14:30,,,,,11:30,11:30,,,,
23:00,,,,,,18:00,,,,,
,,,,,,,,,,,
,,,,,,,,,,,
,,,,,,,,,,,
24:00,,,,,,17:00,,,,,
14:00,22:00,,,,,11:30,17:30,,,,
,,,,,,,,,,,
,,,,,,,,,,,
14:30,23:00,,,,,11:30,17:30,,,,
,,,,,,,,,,,
15:00,22:00,,,,,11:00,17:00,,,,
,,,,,,,,,,,
,,,,,,,,,,,
14:00,,,,,,11:00,,,,,
,,,,,,,,,,,
18:00,,,,,,11:00,,,,,
14:00,22:00,,,,,11:30,17:00,,,,
,,,,,,,,,,,
15:00,,,,,,11:00,,,,,
16:00,,,,,,11:00,,,,,
,,,,,,,,,,,
19:30,,,,,,11:00,,,,,
,,,,,,,,,,,
24:00,,,,,,19:00,,,,,
,,,,,,,,,,,
24:00,,,,,,11:30,,,,,
23:00,,,,,,11:30,,,,,
24:00,24:00,,,,,17:00,17:00,,,,
,,,,,,,,,,,
,,,,,,,,,,,
19:00,,,,,,10:00,,,,,
22:00,,,,,,17:00,,,,,
,,,,,,,,,,,
,,,,,,,,,,,
19:00,,,,,,10:00,,,,,
23:00,21:30,,,,,11:00,11:00,,,,
21:00,,,,,,11:00,,,,,
14:00,21:00,,,,,11:00,17:00,,,,
14:00,21:30,14:00,21:00,15:00,,11:00,17:00,11:00,17:00,11:00,
,,,,,,,,,,,
,,,,,,,,,,,
,,,,,,,,,,,
21:00,,,,,,10:00,,,,,
,,,,,,,,,,,
24:00,,,,,,17:00,,,,,
,,,,,,,,,,,
21:30,,,,,,11:30,,,,,
21:00,,,,,,11:00,,,,,
14:00,23:00,,,,,11:30,17:00,,,,
,,,,,,,,,,,
,,,,,,,,,,,
,,,,,,,,,,,
,,,,,,,,,,,
22:00,,,,,,17:30,,,,,
14:00,,,,,,13:00,,,,,
,,,,,,,,,,,
,,,,,,,,,,,
,,,,,,,,,,,
,,,,,,,,,,,
13:30,19:30,,,,,12:00,17:00,,,,
,,,,,,,,,,,
,,,,,,,,,,,
22:00,,,,,,17:00,,,,,
,,,,,,,,,,,
23:00,22:00,,,,,11:00,11:00,,,,
23:00,,,,,,17:00,,,,,
,,,,,,,,,,,
,,,,,,,,,,,
14:00,20:00,,,,,11:30,17:00,,,,
13:30,21:00,,,,,11:30,17:00,,,,
,,,,,,,,,,,
22:00,,,,,,11:00,,,,,
24:00,,,,,,18:00,,,,,
,,,,,,,,,,,
22:00,,,,,,18:00,,,,,
,,,,,,,,,,,
,,,,,,,,,,,
,,,,,,,,,,,
,,,,,,,,,,,
,,,,,,,,,,,
,,,,,,,,,,,
,,,,,,,,,,,
22:00,,,,,,17:30,,,,,
,,,,,,,,,,,
24:00,,,,,,17:00,,,,,
,,,,,,,,,,,
13:00,21:00,,,,,12:00,17:00,,,,
21:30,,,,,,11:00,,,,,
,,,,,,,,,,,
22:00,,,,,,12:00,,,,,
,,,,,,,,,,,
14:00,23:00,,,,,12:00,18:00,,,,
,,,,,,,,,,,
13:30,21:30,,,,,11:30,16:30,,,,
16:00,21:00,,,,,11:00,17:00,,,,
,,,,,,,,,,,
,,,,,,,,,,,
,,,,,,,,,,,
,,,,,,,,,,,
,,,,,,,,,,,
,,,,,,,,,,,
,,,,,,,,,,,
,,,,,,,,,,,
,,,,,,,,,,,
24:00,,,,,,11:00,,,,,
,,,,,,,,,,,
,,,,,,,,,,,
,,,,,,,,,,,
,,,,,,,,,,,
,,,,,,,,,,,
19:00,,,,,,10:00,,,,,
,,,,,,,,,,,
,,,,,,,,,,,
23:00,,,,,,17:00,,,,,
,,,,,,,,,,,
,,,,,,,,,,,
22:30,,,,,,17:30,,,,,
14:00,22:00,21:00,,,,11:30,17:00,11:30,,,
21:00,21:00,21:30,21:30,,,17:30,17:00,17:30,17:00,,
14:00,21:00,,,,,11:30,18:00,,,,
14:00,22:00,,,,,11:30,17:00,,,,
19:00,,,,,,10:00,,,,,
,,,,,,,,,,,
,,,,,,,,,,,
13:00,21:00,21:00,,,,11:00,17:00,17:00,,,
,,,,,,,,,,,
,,,,,,,,,,,
,,,,,,,,,,,
24:00,,,,,,17:00,,,,,
,,,,,,,,,,,
,,,,,,,,,,,
,,,,,,,,,,,
22:00,,,,,,11:00,,,,,
,,,,,,,,,,,
,,,,,,,,,,,
,,,,,,,,,,,
13:30,22:00,,,,,11:30,17:00,,,,
,,,,,,,,,,,
,,,,,,,,,,,
,,,,,,,,,,,
21:00,,,,,,11:00,,,,,
21:00,,,,,,11:00,,,,,
,,,,,,,,,,,
,,,,,,,,,,,
,,,,,,,,,,,
,,,,,,,,,,,
14:00,22:00,,,,,11:30,17:00,,,,
23:00,,,,,,17:00,,,,,
,,,,,,,,,,,
23:00,,,,,,11:00,,,,,
13:30,22:00,,,,,11:00,17:00,,,,
,,,,,,,,,,,
,,,,,,,,,,,
,,,,,,,,,,,
22:30,,,,,,17:00,,,,,
,,,,,,,,,,,
,,,,,,,,,,,
26:00,24:00,,,,,17:00,17:00,,,,
,,,,,,,,,,,
,,,,,,,,,,,
23:00,,,,,,11:00,,,,,
,,,,,,,,,,,
23:00,,,,,,11:00,,,,,
14:00,23:00,,,,,11:30,17:00,,,,
24:00,,,,,,17:00,,,,,
,,,,,,,,,,,
,,,,,,,,,,,
,,,,,,,,,,,
21:00,,,,,,11:00,,,,,
,,,,,,,,,,,
14:00,24:00,,,,,11:30,17:00,,,,
21:00,,,,,,10:00,,,,,
21:00,,,,,,11:00,,,,,
,,,,,,,,,,,
23:00,,,,,,11:00,,,,,
21:30,,,,,,11:00,,,,,
24:00,,,,,,17:00,,,,,
15:00,22:00,,,,,11:00,16:30,,,,
14:00,22:00,,,,,11:30,17:30,,,,
14:00,22:00,,,,,11:00,16:00,,,,
22:00,22:00,,,,,11:30,11:00,,,,
14:00,22:00,,,,,11:00,17:00,,,,
,,,,,,,,,,,
,,,,,,,,,,,
,,,,,,,,,,,
,,,,,,,,,,,
19:30,,,,,,10:00,,,,,
14:00,21:00,,,,,11:30,18:00,,,,
,,,,,,,,,,,
,,,,,,,,,,,
14:00,,,,,,11:30,,,,,
,,,,,,,,,,,
21:30,,,,,,11:00,,,,,
24:00,,,,,,11:00,,,,,
,,,,,,,,,,,
14:00,,,,,,11:30,,,,,
22:00,22:00,,,,,11:30,11:00,,,,
15:30,22:00,16:30,22:00,,,11:30,17:30,11:30,16:30,,
22:00,,,,,,17:30,,,,,
22:00,,,,,,11:00,,,,,
14:00,22:00,,,,,11:00,17:00,,,,
14:00,23:00,,,,,11:00,17:00,,,,
,,,,,,,,,,,
,,,,,,,,,,,
,,,,,,,,,,,
22:00,,,,,,10:00,,,,,
,,,,,,,,,,,
,,,,,,,,,,,
24:00,,,,,,18:00,,,,,
23:00,,,,,,11:00,,,,,
14:00,21:00,,,,,11:30,17:00,,,,
22:00,,,,,,11:00,,,,,
,,,,,,,,,,,
14:00,23:00,,,,,11:00,17:00,,,,
21:00,,,,,,17:00,,,,,
22:00,,,,,,17:30,,,,,
,,,,,,,,,,,
14:00,22:45,21:00,,,,11:30,17:00,11:30,,,
22:00,,,,,,11:00,,,,,
14:00,,,,,,11:30,,,,,
14:00,23:00,,,,,11:30,17:30,,,,
,,,,,,,,,,,
22:00,,,,,,11:00,,,,,
23:00,,,,,,18:00,,,,,
21:00,,,,,,11:00,,,,,
23:30,,,,,,11:30,,,,,
,,,,,,,,,,,
2１:00,,,,,,11:30,,,,,
22:30,,,,,,11:30,,,,,
13:30,21:00,,,,,11:30,17:00,,,,
,,,,,,,,,,,
15:00,,,,,,11:00,,,,,
,,,,,,,,,,,
22:00,,,,,,10:00,,,,,
20:00,,,,,,11:00,,,,,
23:00,,,,,,16:30,,,,,
,,,,,,,,,,,
19:00,,,,,,10:00,,,,,
,,,,,,,,,,,
18:00,,,,,,10:00,,,,,
17:00,,,,,,13:00,,,,,
,,,,,,,,,,,
,,,,,,,,,,,
,,,,,,,,,,,
15:00,,,,,,11:30,,,,,
,,,,,,,,,,,
,,,,,,,,,,,
22:00,,,,,,18:00,,,,,
,,,,,,,,,,,
20:00,,,,,,11:00,,,,,
,,,,,,,,,,,
,,,,,,,,,,,
,,,,,,,,,,,
,,,,,,,,,,,
,,,,,,,,,,,
14:00,,,,,,11:00,,,,,
,,,,,,,,,,,
23:00,,,,,,11:30,,,,,
,,,,,,,,,,,
14:00,19:00,,,,,11:00,17:00,,,,
,,,,,,,,,,,
,,,,,,,,,,,
15:00,,,,,,10:30,,,,,
22:00,,,,,,17:00,,,,,
,,,,,,,,,,,
15:00,,,,,,10:00,,,,,
24:00,24:00,24:00,,,,10:30,10:30,10:30,,,
,,,,,,,,,,,
23:00,,,,,,17:00,,,,,
,,,,,,,,,,,
,,,,,,,,,,,
,,,,,,,,,,,
,,,,,,,,,,,
,,,,,,,,,,,
13:30,22:00,,,,,11:30,17:00,,,,
15:30,16:00,15:00,,,,11:00,11:00,11:00,,,
14:30,22:00,,,,,11:30,17:00,,,,
,,,,,,,,,,,
14:00,22:00,,,,,11:00,17:00,,,,
13:30,22:00,,,,,11:30,16:00,,,,
14:00,,,,,,11:00,,,,,
,,,,,,,,,,,
14:00,23:30,,,,,11:30,17:30,,,,
27:00,,,,,,11:30,,,,,
,,,,,,,,,,,
23:30,,,,,,17:00,,,,,
24:00,,,,,,17:00,,,,,
23:00,,,,,,17:00,,,,,
,,,,,,,,,,,
,,,,,,,,,,,
,,,,,,,,,,,
,,,,,,,,,,,
14:30,24:00,,,,,11:30,17:00,,,,
14:00,20:00,,,,,11:00,17:00,,,,
,,,,,,,,,,,
23:00,,,,,,17:00,,,,,
13:30,23:00,,,,,11:45,17:00,,,,
23:00,,,,,,17:30,,,,,
,,,,,,,,,,,
,,,,,,,,,,,
,,,,,,,,,,,
,,,,,,,,,,,
18:00,,,,,,11:30,,,,,
14:00,22:00,,,,,11:00,17:00,,,,
,,,,,,,,,,,
,,,,,,,,,,,
20:30,21:00,21:00,21:00,,,17:30,17:30,17:30,17:00,,
24:00,,,,,,17:30,,,,,
23:00,,,,,,17:00,,,,,
15:00,19:00,,,,,11:00,17:00,,,,
,,,,,,,,,,,
19:00,,,,,,10:00,,,,,
,,,,,,,,,,,
,,,,,,,,,,,
16:30,,,,,,10:00,,,,,
,,,,,,,,,,,
,,,,,,,,,,,
,,,,,,,,,,,
24:00,,,,,,11:00,,,,,
14:00,20:00,14:00,,,,11:30,18:00,11:30,,,
15:00,,,,,,11:00,,,,,
,,,,,,,,,,,
18:00,,,,,,10:00,,,,,
,,,,,,,,,,,
,,,,,,,,,,,
23:00,,,,,,17:00,,,,,
,,,,,,,,,,,
14:00,,,,,,11:00,,,,,
14:00,,,,,,11:00,,,,,
,,,,,,,,,,,
,,,,,,,,,,,
,,,,,,,,,,,
,,,,,,,,,,,
,,,,,,,,,,,
15:00,,,,,,11:00,,,,,
,,,,,,,,,,,
14:00,23:00,,,,,11:30,17:30,,,,
24:00,,,,,,17:00,,,,,
,,,,,,,,,,,
,,,,,,,,,,,
,,,,,,,,,,,
15:00,,,,,,11:00,,,,,
18:00,,,,,,11:00,,,,,
23:00,,,,,,17:00,,,,,
,,,,,,,,,,,
15:00,,,,,,11:00,,,,,
20:00,,,,,,11:00,,,,,
,,,,,,,,,,,
,,,,,,,,,,,
17:00,,,,,,11:00,,,,,
15:30,19:30,19:30,,,,11:00,17:00,17:00,,,
17:00,,,,,,11:00,,,,,
14:00,21:00,,,,,11:30,17:00,,,,
,,,,,,,,,,,
,,,,,,,,,,,
24:00,,,,,,17:00,,,,,
19:30,,,,,,11:00,,,,,
14:00,15:00,,,,,11:00,11:00,,,,
14:00,21:00,20:00,,,,11:00,17:00,11:00,,,
25:00,17:00,,,,,11:00,11:00,,,,
,,,,,,,,,,,
14:00,22:00,,,,,10:00,17:00,,,,
14:00,,,,,,11:00,,,,,
20:00,,,,,,11:00,,,,,
25:00,,,,,,17:00,,,,,
,,,,,,,,,,,
24:00,,,,,,17:00,,,,,
21:00,,,,,,11:30,,,,,
,,,,,,,,,,,
,,,,,,,,,,,
14:00,22:00,,,,,11:30,16:30,,,,
14:30,20:00,,,,,11:00,16:30,,,,
14:00,22:00,,,,,11:30,17:30,,,,
14:00,22:00,,,,,11:30,17:00,,,,
22:00,,,,,,10:00,,,,,
23:00,,,,,,17:00,,,,,
13:30,,,,,,11:30,,,,,
,,,,,,,,,,,
,,,,,,,,,,,
,,,,,,,,,,,
,,,,,,,,,,,
,,,,,,,,,,,
,,,,,,,,,,,
,,,,,,,,,,,
,,,,,,,,,,,
,,,,,,,,,,,
,,,,,,,,,,,
,,,,,,,,,,,
,,,,,,,,,,,
,,,,,,,,,,,
,,,,,,,,,,,
14:00,21:00,,,,,11:00,16:00,,,,
,,,,,,,,,,,
,,,,,,,,,,,
13:00,21:30,,,,,11:00,17:00,,,,
,,,,,,,,,,,
22:00,,,,,,11:30,,,,,
,,,,,,,,,,,
,,,,,,,,,,,
,,,,,,,,,,,
,,,,,,,,,,,
,,,,,,,,,,,
,,,,,,,,,,,
23:00,23:00,,,,,11:00,10:00,,,,
,,,,,,,,,,,
,,,,,,,,,,,
,,,,,,,,,,,
21:00,,,,,,11:00,,,,,
20:00,,,,,,11:30,,,,,
,,,,,,,,,,,
,,,,,,,,,,,
14:00,20:00,,,,,11:00,17:00,,,,
,,,,,,,,,,,
22:00,,,,,,11:00,,,,,
,,,,,,,,,,,
,,,,,,,,,,,
,,,,,,,,,,,
,,,,,,,,,,,
,,,,,,,,,,,
,,,,,,,,,,,
13:30,22:00,,,,,11:30,17:00,,,,
,,,,,,,,,,,
19:00,,,,,,10:00,,,,,
,,,,,,,,,,,
,,,,,,,,,,,
14:00,21:00,,,,,11:00,16:30,,,,
22:00,,,,,,11:00,,,,,
,,,,,,,,,,,
23:00,,,,,,16:00,,,,,
,,,,,,,,,,,
,,,,,,,,,,,
22:00,,,,,,10:00,,,,,
,,,,,,,,,,,
21:00,,,,,,11:00,,,,,
,,,,,,,,,,,
,,,,,,,,,,,
,,,,,,,,,,,
20:00,,,,,,10:00,,,,,
23:00,,,,,,11:00,,,,,
,,,,,,,,,,,
,,,,,,,,,,,
22:00,,,,,,17:00,,,,,
,,,,,,,,,,,
,,,,,,,,,,,
14:00,21:00,,,,,11:00,17:00,,,,
,,,,,,,,,,,
20:00,,,,,,10:00,,,,,
14:00,21:00,,,,,11:30,17:30,,,,
22:00,,,,,,17:00,,,,,
13:00,23:00,,,,,11:00,17:00,,,,
,,,,,,,,,,,
,,,,,,,,,,,
,,,,,,,,,,,
,,,,,,,,,,,
,,,,,,,,,,,
,,,,,,,,,,,
24:00,,,,,,17:00,,,,,
24:00,,,,,,18:00,,,,,
15:00,21:00,21:00,,,,11:00,17:00,11:00,,,
,,,,,,,,,,,
,,,,,,,,,,,
,,,,,,,,,,,
,,,,,,,,,,,
,,,,,,,,,,,
19:30,,,,,,11:30,,,,,
,,,,,,,,,,,
,,,,,,,,,,,
,,,,,,,,,,,
,,,,,,,,,,,
20:00,,,,,,11:00,,,,,
,,,,,,,,,,,
,,,,,,,,,,,
,,,,,,,,,,,
,,,,,,,,,,,
,,,,,,,,,,,
,,,,,,,,,,,
24:00,,,,,,16:00,,,,,
,,,,,,,,,,,
14:00,,,,,,10:30,,,,,
14:00,23:00,,,,,12:00,17:30,,,,
14:30,,,,,,11:30,,,,,
14:00,24:00,,,,,11:30,17:30,,,,
,,,,,,,,,,,
17:30,18:30,,,,,11:00,11:00,,,,
24:00,,,,,,18:00,,,,,
,,,,,,,,,,,
,,,,,,,,,,,
14:00,17:00,14:00,16:00,,,11:00,14:00,11:00,14:00,,
15:00,,,,,,11:00,,,,,
22:00,,,,,,10:30,,,,,
,,,,,,,,,,,
14:00,21:00,,,,,11:30,17:30,,,,
,,,,,,,,,,,
16:00,,,,,,10:00,,,,,
23:00,,,,,,10:00,,,,,
21:00,,,,,,11:00,,,,,
15:00,,,,,,11:30,,,,,
14:00,21:00,,,,,11:00,16:00,,,,
24:00,,,,,,17:00,,,,,
,,,,,,,,,,,
,,,,,,,,,,,
14:00,,,,,,11:30,,,,,
17:30,,,,,,10:00,,,,,
,,,,,,,,,,,
,,,,,,,,,,,
,,,,,,,,,,,
,,,,,,,,,,,
23:00,,,,,,17:00,,,,,
,,,,,,,,,,,
13:30,,,,,,11:30,,,,,
,,,,,,,,,,,
,,,,,,,,,,,
,,,,,,,,,,,
15:00,24:00,,,,,11:30,17:00,,,,
14:00,20:00,,,,,11:00,17:00,,,,
,,,,,,,,,,,
21:00,,,,,,11:00,,,,,
24:00,,,,,,11:00,,,,,
15:00,20:00,,,,,11:00,17:00,,,,
,,,,,,,,,,,
,,,,,,,,,,,
,,,,,,,,,,,
,,,,,,,,,,,
14:00,20:00,,,,,11:30,18:00,,,,
,,,,,,,,,,,
14:00,,,,,,11:00,,,,,
,,,,,,,,,,,
15:00,22:00,,,,,11:00,17:00,,,,
15:00,,,,,,11:00,,,,,
,,,,,,,,,,,
,,,,,,,,,,,
15:00,20:00,,,,,11:00,17:30,,,,
,,,,,,,,,,,
,,,,,,,,,,,
22:00,,,,,,11:00,,,,,
23:00,,,,,,17:00,,,,,
19:30,,,,,,11:00,,,,,
23:30,,,,,,17:30,,,,,
22:00,,,,,,11:00,,,,,
,,,,,,,,,,,
,,,,,,,,,,,
,,,,,,,,,,,
14:00,23:00,,,,,11:30,18:00,,,,
18:00,,,,,,10:00,,,,,
,,,,,,,,,,,
,,,,,,,,,,,
19:00,,,,,,11:00,,,,,
,,,,,,,,,,,
,,,,,,,,,,,
23:00,,,,,,17:00,,,,,
,,,,,,,,,,,
22:00,,,,,,10:00,,,,,
,,,,,,,,,,,
15:00,,,,,,11:00,,,,,
,,,,,,,,,,,
15:00,22:00,,,,,11:30,17:00,,,,
22:00,,,,,,17:00,,,,,
23:30,,,,,,17:30,,,,,
,,,,,,,,,,,
,,,,,,,,,,,
18:00,,,,,,11:00,,,,,
,,,,,,,,,,,
23:00,,,,,,17:00,,,,,
,,,,,,,,,,,
,,,,,,,,,,,
15:00,22:00,,,,,11:00,17:00,,,,
13:00,22:00,,,,,11:30,17:00,,,,
,,,,,,,,,,,
,,,,,,,,,,,
13:30,,,,,,11:00,,,,,
,,,,,,,,,,,
,,,,,,,,,,,
,,,,,,,,,,,
24:00,,,,,,17:00,,,,,
22:00,24:00,,,,,17:00,17:00,,,,
,,,,,,,,,,,
24:00,,,,,,17:30,,,,,
14:00,22:00,,,,,11:00,17:00,,,,
,,,,,,,,,,,
14:00,,,,,,11:30,,,,,
23:00,21:00,,,,,17:30,17:30,,,,
,,,,,,,,,,,
14:30,22:30,,,,,11:30,17:00,,,,
14:30,20:30,,,,,11:00,17:00,,,,
,,,,,,,,,,,
,,,,,,,,,,,
,,,,,,,,,,,
14:00,23:00,,,,,11:30,17:00,,,,
15:00,21:00,,,,,11:00,17:30,,,,
,,,,,,,,,,,
15:00,21:00,,,,,10:00,17:00,,,,
,,,,,,,,,,,
,,,,,,,,,,,
,,,,,,,,,,,
21:00,,,,,,10:00,,,,,
,,,,,,,,,,,
,,,,,,,,,,,
,,,,,,,,,,,
14:00,19:30,,,,,11:30,17:00,,,,
14:30,,,,,,11:30,,,,,
19:00,,,,,,10:00,,,,,
,,,,,,,,,,,
14:00,22:00,,,,,11:00,17:30,,,,
,,,,,,,,,,,
14:00,,,,,,11:00,,,,,
,,,,,,,,,,,
,,,,,,,,,,,
,,,,,,,,,,,
,,,,,,,,,,,
23:00,,,,,,17:00,,,,,
,,,,,,,,,,,
,,,,,,,,,,,
,,,,,,,,,,,
,,,,,,,,,,,
15:00,,,,,,11:00,,,,,
,,,,,,,,,,,
24:00,,,,,,17:00,,,,,
,,,,,,,,,,,
,,,,,,,,,,,
15:00,,,,,,11:00,,,,,
16:00,,,,,,10:30,,,,,
17:00,,,,,,11:00,,,,,
22:00,,,,,,10:00,,,,,
21:30,,,,,,11:00,,,,,
,,,,,,,,,,,
,,,,,,,,,,,
22:00,,,,,,17:00,,,,,
14:00,21:00,,,,,11:30,17:30,,,,
14:00,,,,,,11:30,,,,,
,,,,,,,,,,,
,,,,,,,,,,,
14:30,18:30,,,,,11:00,17:00,,,,
,,,,,,,,,,,
20:00,,,,,,17:00,,,,,
20:00,,,,,,11:00,,,,,
14:00,21:00,,,,,11:00,17:00,,,,
,,,,,,,,,,,
23:30,,,,,,17:00,,,,,
23:00,,,,,,17:00,,,,,
14:00,23:00,,,,,11:00,17:30,,,,
19:00,,,,,,11:00,,,,,
,,,,,,,,,,,
13:30,23:00,,,,,11:30,17:00,,,,
,,,,,,,,,,,
24:00,,,,,,17:00,,,,,
18:00,,,,,,10:00,,,,,
,,,,,,,,,,,
,,,,,,,,,,,
21:00,,,,,,11:00,,,,,
15:00,,,,,,11:00,,,,,
,,,,,,,,,,,
,,,,,,,,,,,
,,,,,,,,,,,
,,,,,,,,,,,
23:00,,,,,,17:00,,,,,
,,,,,,,,,,,
,,,,,,,,,,,
,,,,,,,,,,,
,,,,,,,,,,,
21:00,,,,,,15:00,,,,,
00:00,,,,,,17:00,,,,,
,,,,,,,,,,,
,,,,,,,,,,,
,,,,,,,,,,,
14:00,22:00,,,,,11:30,17:00,,,,
,,,,,,,,,,,
,,,,,,,,,,,
24:00,,,,,,11:00,,,,,
,,,,,,,,,,,
21:30,22:00,,,,,11:00,11:00,,,,
23:00,,,,,,11:00,,,,,
21:30,22:00,22:00,,,,11:30,11:00,11:30,,,
,,,,,,,,,,,
21:30,22:00,22:00,21:30,,,11:30,11:30,11:00,11:00,,
,,,,,,,,,,,
23:00,,,,,,11:00,,,,,
14:00,22:00,,,,,11:00,17:00,,,,
21:00,,,,,,11:00,,,,,
20:00,,,,,,11:00,,,,,
23:00,23:00,21:00,,,,11:00,10:30,12:00,,,
14:30,21:00,,,,,11:00,16:30,,,,
14:30,22:00,,,,,11:00,17:00,,,,
13:45,22:00,21:00,,,,12:00,17:30,17:30,,,
23:00,,,,,,11:00,,,,,
22:00,22:00,,,,,11:00,10:30,,,,
14:00,22:00,,,,,12:00,17:00,,,,
,,,,,,,,,,,
21:00,,,,,,16:00,,,,,
17:00,,,,,,10:00,,,,,
,,,,,,,,,,,
14:00,22:00,,,,,11:30,17:00,,,,
,,,,,,,,,,,
14:00,23:00,,,,,11:30,17:00,,,,
22:00,,,,,,11:00,,,,,
,,,,,,,,,,,
,,,,,,,,,,,
,,,,,,,,,,,
14:00,22:00,,,,,11:00,17:00,,,,
23:00,,,,,,11:00,,,,,
,,,,,,,,,,,
21:30,,,,,,11:00,,,,,
23:00,,,,,,11:00,,,,,
21:30,,,,,,11:00,,,,,
15:00,,,,,,10:00,,,,,
20:00,,,,,,11:00,,,,,
,,,,,,,,,,,
14:30,22:00,17:00,17:00,,,11:30,17:00,14:30,15:00,,
21:30,22:00,,,,,11:00,11:00,,,,
,,,,,,,,,,,
,,,,,,,,,,,
21:00,,,,,,10:30,,,,,
15:00,22:00,,,,,11:30,17:00,,,,
23:00,,,,,,11:00,,,,,
14:00,22:00,,,,,11:30,17:30,,,,
15:00,,,,,,11:00,,,,,
21:00,,,,,,11:00,,,,,
22:00,,,,,,11:00,,,,,
22:00,,,,,,17:00,,,,,
19:00,,,,,,10:00,,,,,
23:00,23:00,21:00,,,,11:00,10:30,12:00,,,
22:00,,,,,,11:00,,,,,
14:00,21:00,,,,,11:30,17:00,,,,
22:00,,,,,,11:00,,,,,
24:00,,,,,,11:00,,,,,
22:30,,,,,,10:00,,,,,
14:00,22:00,,,,,11:30,11:00,,,,
17:00,,,,,,10:00,,,,,
15:00,22:00,22:00,,,,11:00,16:30,11:00,,,
22:00,17:00,,,,,11:00,14:30,,,,
14:00,22:00,,,,,11:30,17:30,,,,
15:00,,,,,,11:00,,,,,
21:00,,,,,,10:00,,,,,
,,,,,,,,,,,
,,,,,,,,,,,
,,,,,,,,,,,
,,,,,,,,,,,
,,,,,,,,,,,
,,,,,,,,,,,
14:00,23:00,,,,,11:00,17:00,,,,
22:30,,,,,,10:00,,,,,
14:30,20:00,15:00,,,,11:00,17:30,11:00,,,
,,,,,,,,,,,
22:00,,,,,,17:00,,,,,
,,,,,,,,,,,
,,,,,,,,,,,
,,,,,,,,,,,
23:00,22:00,,,,,17:00,17:00,,,,
24:00,,,,,,17:00,,,,,
20:00,,,,,,11:30,,,,,
22:00,23:00,17:00,,,,11:30,11:30,15:00,,,
,,,,,,,,,,,
14:00,23:00,,,,,11:30,17:00,,,,
24:00,,,,,,15:00,,,,,
22:30,,,,,,10:00,,,,,
,,,,,,,,,,,
,,,,,,,,,,,
,,,,,,,,,,,
15:00,22:00,22:00,,,,11:00,16:30,11:00,,,
23:00,,,,,,11:00,,,,,
,,,,,,,,,,,
20:00,,,,,,16:00,,,,,
15:00,21:00,,,,,11:00,16:30,,,,
22:00,,,,,,17:30,,,,,
14:00,23:00,23:00,,,,11:30,17:00,17:00,,,
14:00,21:00,14:00,20:00,,,11:00,16:00,11:00,16:00,,
21:00,15:00,,,,,10:00,11:00,,,,
23:00,,,,,,11:00,,,,,
20:00,,,,,,10:00,,,,,
24:00,,,,,,18:00,,,,,
21:30,22:00,16:30,,,,11:30,11:30,14:30,,,
20:30,,,,,,11:00,,,,,
23:00,,,,,,11:00,,,,,
14:00,23:30,,,,,11:30,17:30,,,,
22:30,14:00,,,,,10:00,11:00,,,,
15:00,,,,,,11:00,,,,,
21:00,15:00,21:00,,,,11:00,11:00,17:00,,,
24:00,,,,,,17:00,,,,,
,,,,,,,,,,,
21:30,22:00,17:00,,,,11:30,11:30,15:00,,,
17:30,,,,,,10:00,,,,,
,,,,,,,,,,,
14:00,21:00,,,,,11:00,17:00,,,,
,,,,,,,,,,,
14:00,22:00,,,,,11:00,16:00,,,,
20:30,,,,,,10:30,,,,,
15:00,15:00,21:30,,,,11:30,11:30,17:00,,,
15:00,21:00,,,,,11:00,17:00,,,,
,,,,,,,,,,,
22:00,,,,,,11:00,,,,,
22:00,22:00,,,,,17:30,17:30,,,,
22:30,,,,,,10:00,,,,,
,,,,,,,,,,,
14:00,21:00,,,,,10:30,16:00,,,,
22:00,21:00,,,,,11:00,11:00,,,,
22:00,23:00,17:00,,,,11:30,11:00,15:00,,,
,,,,,,,,,,,
,,,,,,,,,,,
,,,,,,,,,,,
14:00,22:00,,,,,11:30,17:00,,,,
23:00,,,,,,11:00,,,,,
,,,,,,,,,,,
23:00,,,,,,18:00,,,,,
14:00,21:30,,,,,11:30,17:00,,,,
14:00,21:00,,,,,11:00,16:30,,,,
21:30,,,,,,11:00,,,,,
,,,,,,,,,,,
14:00,23:00,,,,,11:30,17:30,,,,
,,,,,,,,,,,
,,,,,,,,,,,
14:00,22:00,22:00,,,,12:00,17:00,12:00,,,
,,,,,,,,,,,
,,,,,,,,,,,
23:30,,,,,,18:00,,,,,
15:00,,,,,,10:30,,,,,
,,,,,,,,,,,
,,,,,,,,,,,
,,,,,,,,,,,
21:00,,,,,,11:00,,,,,
,,,,,,,,,,,
20:00,,,,,,10:00,,,,,
21:00,,,,,,10:00,,,,,
,,,,,,,,,,,
18:30,,,,,,11:00,,,,,
23:00,,,,,,17:30,,,,,
17:00,,,,,,10:00,,,,,
,,,,,,,,,,,
20:00,,,,,,11:00,,,,,
14:00,20:00,,,,,11:00,17:00,,,,
,,,,,,,,,,,
14:00,23:00,,,,,11:30,17:30,,,,
,,,,,,,,,,,
,,,,,,,,,,,
,,,,,,,,,,,
,,,,,,,,,,,
24:00,,,,,,11:30,,,,,
24:00,,,,,,17:00,,,,,
,,,,,,,,,,,
23:00,24:00,,,,,17:00,17:00,,,,
14:00,20:00,,,,,11:00,17:00,,,,
15:00,20:00,17:00,,,,11:00,17:00,11:00,,,
,,,,,,,,,,,
,,,,,,,,,,,
20:00,,,,,,11:30,,,,,
,,,,,,,,,,,
15:00,,,,,,11:00,,,,,
00:00,,,,,,17:00,,,,,
,,,,,,,,,,,
,,,,,,,,,,,
20:00,,,,,,11:00,,,,,
,,,,,,,,,,,
19:00,,,,,,11:00,,,,,
,,,,,,,,,,,
22:00,,,,,,11:00,,,,,
24:00,,,,,,17:00,,,,,
,,,,,,,,,,,
,,,,,,,,,,,
,,,,,,,,,,,
20:00,,,,,,11:00,,,,,
24:00,,,,,,17:30,,,,,
14:00,22:00,15:00,,,,11:30,18:00,11:30,,,
,,,,,,,,,,,
,,,,,,,,,,,
,,,,,,,,,,,
15:00,,,,,,11:00,,,,,
,,,,,,,,,,,
24:00,,,,,,17:00,,,,,
20:00,,,,,,11:30,,,,,
20:00,,,,,,11:00,,,,,
17:00,,,,,,10:00,,,,,
13:30,,,,,,11:30,,,,,
,,,,,,,,,,,
,,,,,,,,,,,
24:00,,,,,,17:00,,,,,
,,,,,,,,,,,
,,,,,,,,,,,
,,,,,,,,,,,
,,,,,,,,,,,
,,,,,,,,,,,
14:00,21:00,,,,,11:15,17:00,,,,
14:00,22:00,,,,,11:30,17:00,,,,
15:30,,,,,,11:00,,,,,
13:00,21:00,,,,,11:00,17:00,,,,
21:30,,,,,,11:00,,,,,
,,,,,,,,,,,
,,,,,,,,,,,
14:00,22:00,,,,,11:30,17:00,,,,
,,,,,,,,,,,
14:00,22:00,,,,,11:00,16:00,,,,
13:30,20:30,,,,,11:30,17:00,,,,
,,,,,,,,,,,
,,,,,,,,,,,
,,,,,,,,,,,
,,,,,,,,,,,
,,,,,,,,,,,
,,,,,,,,,,,
,,,,,,,,,,,
22:00,,,,,,11:00,,,,,
,,,,,,,,,,,
14:00,20:30,,,,,11:30,17:00,,,,
22:00,,,,,,10:00,,,,,
02:00,,,,,,18:00,,,,,
,,,,,,,,,,,
15:30,22:00,16:30,22:00,,,11:30,17:30,11:30,16:30,,
13:00,,,,,,11:30,,,,,
13:00,20:00,,,,,11:00,17:00,,,,
22:00,,,,,,11:00,,,,,
,,,,,,,,,,,
15:00,22:00,,,,,10:30,17:00,,,,
,,,,,,,,,,,
22:00,,,,,,10:00,,,,,
,,,,,,,,,,,
,,,,,,,,,,,
,,,,,,,,,,,
14:00,21:00,,,,,11:30,17:00,,,,
,,,,,,,,,,,
24:30,,,,,,17:30,,,,,
,,,,,,,,,,,
,,,,,,,,,,,
,,,,,,,,,,,
,,,,,,,,,,,
,,,,,,,,,,,
15:30,22:00,16:30,22:00,,,11:30,17:30,11:30,16:30,,
,,,,,,,,,,,
21:00,18:00,,,,,11:00,11:00,,,,
,,,,,,,,,,,
14:00,22:00,,,,,11:00,17:00,,,,
13:00,22:00,,,,,11:30,17:30,,,,
22:00,22:00,,,,,11:00,10:30,,,,
,,,,,,,,,,,
24:00,,,,,,17:00,,,,,
14:00,22:00,,,,,11:30,17:30,,,,
,,,,,,,,,,,
21:00,,,,,,11:30,,,,,
,,,,,,,,,,,
15:30,22:00,16:30,22:00,,,11:30,17:30,11:30,16:30,,
,,,,,,,,,,,
,,,,,,,,,,,
,,,,,,,,,,,
,,,,,,,,,,,
,,,,,,,,,,,
,,,,,,,,,,,
22:00,14:00,,,,,09:30,11:00,,,,
,,,,,,,,,,,
21:00,15:00,16:00,,,,11:00,11:00,15:00,,,
21:00,,,,,,10:00,,,,,
14:00,20:30,,,,,11:30,16:30,,,,
19:00,,,,,,10:00,,,,,
,,,,,,,,,,,
14:00,22:00,,,,,12:00,16:00,,,,
,,,,,,,,,,,
22:00,,,,,,10:00,,,,,
14:00,20:00,,,,,11:00,16:00,,,,
23:00,,,,,,18:00,,,,,
,,,,,,,,,,,
13:45,20:00,,,,,10:00,16:00,,,,
,,,,,,,,,,,
,,,,,,,,,,,
13:30,22:00,,,,,11:30,16:00,,,,
,,,,,,,,,,,
14:00,21:00,,,,,11:00,16:30,,,,
14:00,22:00,,,,,12:00,17:00,,,,
,,,,,,,,,,,
23:00,,,,,,17:00,,,,,
,,,,,,,,,,,
,,,,,,,,,,,
,,,,,,,,,,,
22:00,,,,,,11:00,,,,,
,,,,,,,,,,,
22:00,22:00,,,,,11:00,10:30,,,,
19:30,,,,,,12:00,,,,,
,,,,,,,,,,,
,,,,,,,,,,,
14:00,21:00,,,,,11:00,17:00,,,,
,,,,,,,,,,,
,,,,,,,,,,,
,,,,,,,,,,,
18:30,,,,,,10:00,,,,,
14:30,,,,,,11:30,,,,,
22:00,,,,,,11:00,,,,,
,,,,,,,,,,,
,,,,,,,,,,,
,,,,,,,,,,,
,,,,,,,,,,,
,,,,,,,,,,,
23:00,,,,,,17:00,,,,,
20:00,,,,,,11:00,,,,,
,,,,,,,,,,,
,,,,,,,,,,,
22:00,,,,,,12:00,,,,,
22:00,22:00,,,,,11:00,10:30,,,,
,,,,,,,,,,,
,,,,,,,,,,,
,,,,,,,,,,,
22:00,,,,,,11:00,,,,,
,,,,,,,,,,,
,,,,,,,,,,,
19:00,,,,,,10:00,,,,,
15:00,22:00,,,,,11:00,17:00,,,,
14:00,21:00,,,,,11:30,17:00,,,,
22:00,21:00,,,,,11:00,10:00,,,,
,,,,,,,,,,,
,,,,,,,,,,,
,,,,,,,,,,,
,,,,,,,,,,,
15:30,22:00,16:30,22:00,,,11:30,17:30,11:30,16:30,,
,,,,,,,,,,,
15:00,20:30,,,,,11:15,16:30,,,,
21:00,,,,,,11:00,,,,,
,,,,,,,,,,,
24:00,,,,,,18:00,,,,,
20:00,,,,,,10:00,,,,,
14:00,21:30,,,,,11:00,17:00,,,,
,,,,,,,,,,,
,,,,,,,,,,,
,,,,,,,,,,,
22:00,,,,,,11:00,,,,,
,,,,,,,,,,,
14:00,20:00,,,,,12:00,17:00,,,,
,,,,,,,,,,,
18:00,,,,,,10:00,,,,,
,,,,,,,,,,,
13:30,21:00,21:00,,,,11:45,17:30,17:30,,,
,,,,,,,,,,,
14:00,22:00,,,,,11:00,17:30,,,,
,,,,,,,,,,,
,,,,,,,,,,,
,,,,,,,,,,,
,,,,,,,,,,,
,,,,,,,,,,,
,,,,,,,,,,,
,,,,,,,,,,,
22:00,22:00,,,,,11:00,11:00,,,,
,,,,,,,,,,,
22:00,,,,,,11:00,,,,,
,,,,,,,,,,,
,,,,,,,,,,,
,,,,,,,,,,,
21:00,,,,,,11:00,,,,,
21:30,,,,,,11:30,,,,,
23:00,,,,,,11:00,,,,,
,,,,,,,,,,,
,,,,,,,,,,,
,,,,,,,,,,,
